-- phpMyAdmin SQL Dump
-- version 4.9.1
-- https://www.phpmyadmin.net/
--
-- Máy chủ: 127.0.0.1
-- Thời gian đã tạo: Th10 21, 2019 lúc 12:58 PM
-- Phiên bản máy phục vụ: 10.4.8-MariaDB
-- Phiên bản PHP: 7.3.10

SET SQL_MODE = "NO_AUTO_VALUE_ON_ZERO";
SET AUTOCOMMIT = 0;
START TRANSACTION;
SET time_zone = "+00:00";


/*!40101 SET @OLD_CHARACTER_SET_CLIENT=@@CHARACTER_SET_CLIENT */;
/*!40101 SET @OLD_CHARACTER_SET_RESULTS=@@CHARACTER_SET_RESULTS */;
/*!40101 SET @OLD_COLLATION_CONNECTION=@@COLLATION_CONNECTION */;
/*!40101 SET NAMES utf8mb4 */;

--
-- Cơ sở dữ liệu: `fakedb`
--

-- --------------------------------------------------------

--
-- Cấu trúc bảng cho bảng `admins`
--

CREATE TABLE `admins` (
  `id` bigint(20) UNSIGNED NOT NULL,
  `user_id` bigint(20) NOT NULL,
  `name` varchar(255) COLLATE utf8mb4_unicode_ci NOT NULL,
  `created_at` timestamp NULL DEFAULT NULL,
  `updated_at` timestamp NULL DEFAULT NULL
) ENGINE=InnoDB DEFAULT CHARSET=utf8mb4 COLLATE=utf8mb4_unicode_ci;

--
-- Đang đổ dữ liệu cho bảng `admins`
--

INSERT INTO `admins` (`id`, `user_id`, `name`, `created_at`, `updated_at`) VALUES
(1, 61, 'Norene Dickinson', '2019-11-21 02:49:05', '2019-11-21 02:49:05'),
(2, 62, 'Barry Towne', '2019-11-21 02:49:05', '2019-11-21 02:49:05'),
(3, 63, 'Dimitri Volkman', '2019-11-21 02:49:05', '2019-11-21 02:49:05');

-- --------------------------------------------------------

--
-- Cấu trúc bảng cho bảng `categories`
--

CREATE TABLE `categories` (
  `id` bigint(20) UNSIGNED NOT NULL,
  `name` varchar(255) COLLATE utf8mb4_unicode_ci NOT NULL,
  `description` varchar(255) COLLATE utf8mb4_unicode_ci NOT NULL,
  `created_at` timestamp NULL DEFAULT NULL,
  `updated_at` timestamp NULL DEFAULT NULL
) ENGINE=InnoDB DEFAULT CHARSET=utf8mb4 COLLATE=utf8mb4_unicode_ci;

--
-- Đang đổ dữ liệu cho bảng `categories`
--

INSERT INTO `categories` (`id`, `name`, `description`, `created_at`, `updated_at`) VALUES
(1, 'ipsum', 'Et omnis modi.', '2019-11-21 02:48:18', '2019-11-21 02:48:18'),
(2, 'voluptas', 'Ad dolore excepturi.', '2019-11-21 02:48:18', '2019-11-21 02:48:18'),
(3, 'exercitationem', 'Libero unde nostrum.', '2019-11-21 02:48:18', '2019-11-21 02:48:18'),
(4, 'in', 'Dolores aut officia.', '2019-11-21 02:48:18', '2019-11-21 02:48:18');

-- --------------------------------------------------------

--
-- Cấu trúc bảng cho bảng `districts`
--

CREATE TABLE `districts` (
  `id` bigint(20) UNSIGNED NOT NULL,
  `name` varchar(255) COLLATE utf8mb4_unicode_ci NOT NULL,
  `created_at` timestamp NULL DEFAULT NULL,
  `updated_at` timestamp NULL DEFAULT NULL
) ENGINE=InnoDB DEFAULT CHARSET=utf8mb4 COLLATE=utf8mb4_unicode_ci;

--
-- Đang đổ dữ liệu cho bảng `districts`
--

INSERT INTO `districts` (`id`, `name`, `created_at`, `updated_at`) VALUES
(1, 'Ea aut.', '2019-11-21 03:37:00', '2019-11-21 03:37:00'),
(2, 'Maiores.', '2019-11-21 03:37:00', '2019-11-21 03:37:00'),
(3, 'Molestias.', '2019-11-21 03:37:00', '2019-11-21 03:37:00'),
(4, 'Magni.', '2019-11-21 03:37:00', '2019-11-21 03:37:00'),
(5, 'Aut.', '2019-11-21 03:37:00', '2019-11-21 03:37:00'),
(6, 'Error a.', '2019-11-21 03:37:00', '2019-11-21 03:37:00'),
(7, 'Quibusdam.', '2019-11-21 03:37:00', '2019-11-21 03:37:00'),
(8, 'Autem.', '2019-11-21 03:37:00', '2019-11-21 03:37:00'),
(9, 'Libero.', '2019-11-21 03:37:00', '2019-11-21 03:37:00'),
(10, 'Qui at.', '2019-11-21 03:37:00', '2019-11-21 03:37:00'),
(11, 'Repellat.', '2019-11-21 03:37:01', '2019-11-21 03:37:01'),
(12, 'Iste.', '2019-11-21 03:37:01', '2019-11-21 03:37:01'),
(13, 'Et.', '2019-11-21 03:37:01', '2019-11-21 03:37:01'),
(14, 'Aut.', '2019-11-21 03:37:01', '2019-11-21 03:37:01'),
(15, 'Ea nisi.', '2019-11-21 03:37:01', '2019-11-21 03:37:01'),
(16, 'A.', '2019-11-21 03:37:01', '2019-11-21 03:37:01'),
(17, 'Nulla.', '2019-11-21 03:37:01', '2019-11-21 03:37:01'),
(18, 'Et nisi.', '2019-11-21 03:37:01', '2019-11-21 03:37:01'),
(19, 'Et unde.', '2019-11-21 03:37:01', '2019-11-21 03:37:01'),
(20, 'Alias.', '2019-11-21 03:37:01', '2019-11-21 03:37:01'),
(21, 'Sit aut.', '2019-11-21 03:37:01', '2019-11-21 03:37:01'),
(22, 'Non.', '2019-11-21 03:37:01', '2019-11-21 03:37:01'),
(23, 'Quisquam.', '2019-11-21 03:37:01', '2019-11-21 03:37:01'),
(24, 'Rem aut.', '2019-11-21 03:37:01', '2019-11-21 03:37:01');

-- --------------------------------------------------------

--
-- Cấu trúc bảng cho bảng `failed_jobs`
--

CREATE TABLE `failed_jobs` (
  `id` bigint(20) UNSIGNED NOT NULL,
  `connection` text COLLATE utf8mb4_unicode_ci NOT NULL,
  `queue` text COLLATE utf8mb4_unicode_ci NOT NULL,
  `payload` longtext COLLATE utf8mb4_unicode_ci NOT NULL,
  `exception` longtext COLLATE utf8mb4_unicode_ci NOT NULL,
  `failed_at` timestamp NOT NULL DEFAULT current_timestamp()
) ENGINE=InnoDB DEFAULT CHARSET=utf8mb4 COLLATE=utf8mb4_unicode_ci;

-- --------------------------------------------------------

--
-- Cấu trúc bảng cho bảng `guests`
--

CREATE TABLE `guests` (
  `id` bigint(20) UNSIGNED NOT NULL,
  `user_id` bigint(20) NOT NULL,
  `name` varchar(30) COLLATE utf8mb4_unicode_ci NOT NULL,
  `phone` varchar(255) COLLATE utf8mb4_unicode_ci NOT NULL,
  `created_at` timestamp NULL DEFAULT NULL,
  `updated_at` timestamp NULL DEFAULT NULL
) ENGINE=InnoDB DEFAULT CHARSET=utf8mb4 COLLATE=utf8mb4_unicode_ci;

--
-- Đang đổ dữ liệu cho bảng `guests`
--

INSERT INTO `guests` (`id`, `user_id`, `name`, `phone`, `created_at`, `updated_at`) VALUES
(1, 64, 'Devyn Rice', '882-777-9916', '2019-11-21 02:49:29', '2019-11-21 02:49:29'),
(2, 65, 'Percival Reichert Jr.', '487.300.1390 x62964', '2019-11-21 02:49:30', '2019-11-21 02:49:30'),
(3, 66, 'Lilly Smitham IV', '1-434-754-3501', '2019-11-21 02:49:30', '2019-11-21 02:49:30'),
(4, 67, 'Jimmy Funk MD', '389.685.1047 x0192', '2019-11-21 02:49:30', '2019-11-21 02:49:30'),
(5, 68, 'Kieran Ferry', '525.651.1886 x2195', '2019-11-21 02:49:30', '2019-11-21 02:49:30'),
(6, 69, 'Esmeralda Skiles', '(490) 813-1776 x040', '2019-11-21 02:49:30', '2019-11-21 02:49:30'),
(7, 70, 'Billy Kshlerin', '1-467-891-5168', '2019-11-21 02:49:30', '2019-11-21 02:49:30'),
(8, 71, 'Amara Murray', '(763) 752-5797 x4725', '2019-11-21 02:49:30', '2019-11-21 02:49:30'),
(9, 72, 'Dr. Noah Bruen I', '+1 (272) 412-7564', '2019-11-21 02:49:30', '2019-11-21 02:49:30'),
(10, 73, 'Cathryn Gleichner', '772-348-6415 x54986', '2019-11-21 02:49:30', '2019-11-21 02:49:30'),
(11, 74, 'Jerrold Gusikowski DVM', '494-857-9176', '2019-11-21 02:49:30', '2019-11-21 02:49:30'),
(12, 75, 'Leda Crist', '+1-664-597-5480', '2019-11-21 02:49:30', '2019-11-21 02:49:30'),
(13, 76, 'Lora Crona', '659.545.8192', '2019-11-21 02:49:30', '2019-11-21 02:49:30'),
(14, 77, 'Krista Lind', '1-768-988-2405', '2019-11-21 02:49:30', '2019-11-21 02:49:30'),
(15, 78, 'Retha Gulgowski', '846-820-5343', '2019-11-21 02:49:30', '2019-11-21 02:49:30'),
(16, 79, 'Mr. Rhiannon Zemlak DVM', '+14353899026', '2019-11-21 02:49:30', '2019-11-21 02:49:30'),
(17, 80, 'Antone Hermiston', '1-416-505-7036 x595', '2019-11-21 02:49:30', '2019-11-21 02:49:30'),
(18, 81, 'Dr. Kaylin Mayer', '(405) 630-7422 x50577', '2019-11-21 02:49:31', '2019-11-21 02:49:31'),
(19, 82, 'Maxime Haley', '1-953-809-7497', '2019-11-21 02:49:31', '2019-11-21 02:49:31'),
(20, 83, 'Prof. Devan Ullrich PhD', '821.825.6458', '2019-11-21 02:49:31', '2019-11-21 02:49:31'),
(21, 84, 'Ms. Meaghan Dicki II', '227-661-6096 x1843', '2019-11-21 02:49:31', '2019-11-21 02:49:31'),
(22, 85, 'Adella Koch I', '+1-868-425-9134', '2019-11-21 02:49:31', '2019-11-21 02:49:31'),
(23, 86, 'Jackeline Johnson', '(656) 496-1405', '2019-11-21 02:49:31', '2019-11-21 02:49:31'),
(24, 87, 'Francesco Schinner', '+15987883974', '2019-11-21 02:49:31', '2019-11-21 02:49:31'),
(25, 88, 'Prof. Dashawn Collier', '1-470-403-3239', '2019-11-21 02:49:32', '2019-11-21 02:49:32'),
(26, 89, 'Dariana Kerluke', '725-803-3457', '2019-11-21 02:49:32', '2019-11-21 02:49:32'),
(27, 90, 'Esteban Hammes', '258.387.9716 x0936', '2019-11-21 02:49:32', '2019-11-21 02:49:32'),
(28, 91, 'Reina Bergnaum V', '1-497-736-9685', '2019-11-21 02:49:32', '2019-11-21 02:49:32'),
(29, 92, 'Trinity Marks', '+1.742.670.8362', '2019-11-21 02:49:32', '2019-11-21 02:49:32'),
(30, 93, 'Dr. Mekhi Mohr II', '(905) 767-2379 x20090', '2019-11-21 02:49:32', '2019-11-21 02:49:32'),
(31, 94, 'Matilde Terry', '1-494-724-3230', '2019-11-21 03:36:57', '2019-11-21 03:36:57'),
(32, 95, 'Nina Schowalter IV', '1-628-381-2696 x82435', '2019-11-21 03:36:58', '2019-11-21 03:36:58'),
(33, 96, 'Elinor Pouros Sr.', '(365) 238-1778', '2019-11-21 03:36:58', '2019-11-21 03:36:58'),
(34, 97, 'Dr. Niko Herzog', '837.432.2376 x39060', '2019-11-21 03:36:58', '2019-11-21 03:36:58'),
(35, 98, 'Allen Torp II', '(373) 768-8087', '2019-11-21 03:36:58', '2019-11-21 03:36:58'),
(36, 99, 'Mckayla Schuppe MD', '1-331-315-5302 x897', '2019-11-21 03:36:58', '2019-11-21 03:36:58'),
(37, 100, 'Betsy Pfeffer', '(397) 236-3386 x422', '2019-11-21 03:36:58', '2019-11-21 03:36:58'),
(38, 101, 'Tessie Terry', '+1 (362) 971-0737', '2019-11-21 03:36:58', '2019-11-21 03:36:58'),
(39, 102, 'Mr. Duncan Dach III', '332.563.2347', '2019-11-21 03:36:58', '2019-11-21 03:36:58'),
(40, 103, 'Prof. Zelda Davis Sr.', '579.595.5080 x1033', '2019-11-21 03:36:58', '2019-11-21 03:36:58'),
(41, 104, 'Vicky Graham', '432.257.0314 x0789', '2019-11-21 03:36:58', '2019-11-21 03:36:58'),
(42, 105, 'Salma Schuster I', '+1 (269) 427-8856', '2019-11-21 03:36:58', '2019-11-21 03:36:58'),
(43, 106, 'Prof. Hans Rempel V', '(509) 288-9777 x5973', '2019-11-21 03:36:58', '2019-11-21 03:36:58'),
(44, 107, 'Freida Torphy', '471-733-6175 x32653', '2019-11-21 03:36:58', '2019-11-21 03:36:58'),
(45, 108, 'Saul Leuschke', '742.671.7049', '2019-11-21 03:36:58', '2019-11-21 03:36:58'),
(46, 109, 'Miss Allie Armstrong', '(493) 853-9080', '2019-11-21 03:36:58', '2019-11-21 03:36:58'),
(47, 110, 'Edmund Russel', '+1-289-315-5692', '2019-11-21 03:36:59', '2019-11-21 03:36:59'),
(48, 111, 'Duane Lemke', '1-883-436-0642', '2019-11-21 03:36:59', '2019-11-21 03:36:59'),
(49, 112, 'Raleigh Leannon', '+1.760.325.3114', '2019-11-21 03:36:59', '2019-11-21 03:36:59'),
(50, 113, 'Felix Bednar', '257.283.9769 x2841', '2019-11-21 03:36:59', '2019-11-21 03:36:59'),
(51, 114, 'Annamae Conn', '721.598.5441', '2019-11-21 03:36:59', '2019-11-21 03:36:59'),
(52, 115, 'Mr. Jamil Lesch', '(732) 795-2609 x844', '2019-11-21 03:36:59', '2019-11-21 03:36:59'),
(53, 116, 'Rosalia Lemke I', '(846) 615-8894 x07472', '2019-11-21 03:36:59', '2019-11-21 03:36:59'),
(54, 117, 'Ella Jacobi', '525.551.6218', '2019-11-21 03:36:59', '2019-11-21 03:36:59'),
(55, 118, 'Ervin Strosin', '594-268-0195', '2019-11-21 03:36:59', '2019-11-21 03:36:59'),
(56, 119, 'Miss Eleanore Bosco', '741.210.8684 x87476', '2019-11-21 03:36:59', '2019-11-21 03:36:59'),
(57, 120, 'Ms. Annamae Nienow', '246-766-2601', '2019-11-21 03:36:59', '2019-11-21 03:36:59'),
(58, 121, 'Anne Bailey', '402-894-8379 x5367', '2019-11-21 03:36:59', '2019-11-21 03:36:59'),
(59, 122, 'Mr. Marcelo Batz', '+1.851.335.1653', '2019-11-21 03:36:59', '2019-11-21 03:36:59'),
(60, 123, 'Callie Moen', '990.488.7691', '2019-11-21 03:37:00', '2019-11-21 03:37:00');

-- --------------------------------------------------------

--
-- Cấu trúc bảng cho bảng `migrations`
--

CREATE TABLE `migrations` (
  `id` int(10) UNSIGNED NOT NULL,
  `migration` varchar(255) COLLATE utf8mb4_unicode_ci NOT NULL,
  `batch` int(11) NOT NULL
) ENGINE=InnoDB DEFAULT CHARSET=utf8mb4 COLLATE=utf8mb4_unicode_ci;

--
-- Đang đổ dữ liệu cho bảng `migrations`
--

INSERT INTO `migrations` (`id`, `migration`, `batch`) VALUES
(2, '2014_10_12_000000_create_users_table', 2),
(3, '2014_10_12_100000_create_password_resets_table', 2),
(4, '2019_08_19_000000_create_failed_jobs_table', 2),
(5, '2019_11_21_042042_create_owners_table', 2),
(6, '2019_11_21_063041_create_guests_table', 2),
(7, '2019_11_21_065452_create_categories_table', 2),
(11, '2019_11_21_070946_create_posts_table', 2),
(12, '2019_11_21_074106_create_admins_table', 2),
(13, '2019_11_21_065641_create_wards_table', 3),
(14, '2019_11_21_065657_create_districts_table', 4),
(16, '2019_11_21_065544_create_photos_table', 6),
(17, '2019_11_21_064004_create_rooms_table', 7);

-- --------------------------------------------------------

--
-- Cấu trúc bảng cho bảng `owners`
--

CREATE TABLE `owners` (
  `id` bigint(20) UNSIGNED NOT NULL,
  `user_id` bigint(20) NOT NULL,
  `name` varchar(30) COLLATE utf8mb4_unicode_ci NOT NULL,
  `phone` varchar(255) COLLATE utf8mb4_unicode_ci NOT NULL,
  `created_at` timestamp NULL DEFAULT NULL,
  `updated_at` timestamp NULL DEFAULT NULL
) ENGINE=InnoDB DEFAULT CHARSET=utf8mb4 COLLATE=utf8mb4_unicode_ci;

--
-- Đang đổ dữ liệu cho bảng `owners`
--

INSERT INTO `owners` (`id`, `user_id`, `name`, `phone`, `created_at`, `updated_at`) VALUES
(1, 1, 'Mathias Gislason', '226.574.3434 x554', '2019-11-21 02:46:06', '2019-11-21 02:46:06'),
(2, 2, 'Elenor Koepp', '+1-390-262-9258', '2019-11-21 02:46:06', '2019-11-21 02:46:06'),
(3, 3, 'Unique Rogahn', '(746) 268-2628', '2019-11-21 02:46:06', '2019-11-21 02:46:06'),
(4, 4, 'Dr. Ethelyn Braun', '690-483-5793 x822', '2019-11-21 02:46:07', '2019-11-21 02:46:07'),
(5, 5, 'Mr. Verner McClure V', '+1 (545) 649-6425', '2019-11-21 02:46:07', '2019-11-21 02:46:07'),
(6, 6, 'Dr. Tad Schinner DVM', '1-765-206-3841 x8222', '2019-11-21 02:46:07', '2019-11-21 02:46:07'),
(7, 7, 'Dr. Ibrahim Hermiston V', '210-569-1877 x8721', '2019-11-21 02:46:07', '2019-11-21 02:46:07'),
(8, 8, 'Prof. Delores Funk', '226-554-4038', '2019-11-21 02:46:07', '2019-11-21 02:46:07'),
(9, 9, 'Jarret Vandervort', '+1-609-434-7988', '2019-11-21 02:46:07', '2019-11-21 02:46:07'),
(10, 10, 'Salvador Pollich DVM', '907-543-9752 x55955', '2019-11-21 02:46:07', '2019-11-21 02:46:07'),
(11, 11, 'Kyla Gutkowski', '527-903-5522 x1133', '2019-11-21 02:46:07', '2019-11-21 02:46:07'),
(12, 12, 'Evelyn Ernser', '951-333-1319', '2019-11-21 02:46:07', '2019-11-21 02:46:07'),
(13, 13, 'Brisa Dare', '414.990.2564 x6872', '2019-11-21 02:46:07', '2019-11-21 02:46:07'),
(14, 14, 'Xzavier Wolf', '720-973-4285 x19503', '2019-11-21 02:46:07', '2019-11-21 02:46:07'),
(15, 15, 'Dayana Hammes', '1-769-418-1436', '2019-11-21 02:46:07', '2019-11-21 02:46:07'),
(16, 16, 'Ms. April Torp', '1-946-212-2907', '2019-11-21 02:46:07', '2019-11-21 02:46:07'),
(17, 17, 'Daisha Mayert', '1-871-979-5154', '2019-11-21 02:46:07', '2019-11-21 02:46:07'),
(18, 18, 'Mr. Trenton Russel', '+1-218-804-4905', '2019-11-21 02:46:07', '2019-11-21 02:46:07'),
(19, 19, 'Dr. Woodrow Parisian V', '513.689.1459 x8883', '2019-11-21 02:46:07', '2019-11-21 02:46:07'),
(20, 20, 'Dr. Dylan Bode Sr.', '1-970-270-0467', '2019-11-21 02:46:07', '2019-11-21 02:46:07'),
(21, 21, 'Reva Wyman DDS', '1-841-328-1153 x2938', '2019-11-21 02:46:07', '2019-11-21 02:46:07'),
(22, 22, 'Floy Bartoletti', '658.754.8489 x0344', '2019-11-21 02:46:07', '2019-11-21 02:46:07'),
(23, 23, 'Jena Bartoletti', '(278) 508-0600 x81807', '2019-11-21 02:46:08', '2019-11-21 02:46:08'),
(24, 24, 'Velda Murray', '1-741-362-2851 x9026', '2019-11-21 02:46:08', '2019-11-21 02:46:08'),
(25, 25, 'Charles Schmeler', '(550) 975-6519', '2019-11-21 02:46:08', '2019-11-21 02:46:08'),
(26, 26, 'Flavio Ferry', '+1-626-816-1289', '2019-11-21 02:46:08', '2019-11-21 02:46:08'),
(27, 27, 'Parker Spinka', '+1-908-991-5284', '2019-11-21 02:46:08', '2019-11-21 02:46:08'),
(28, 28, 'Jacey Fay DDS', '585.441.4737 x07753', '2019-11-21 02:46:08', '2019-11-21 02:46:08'),
(29, 29, 'Kendall Quigley', '(418) 629-6917', '2019-11-21 02:46:08', '2019-11-21 02:46:08'),
(30, 30, 'Broderick Gerlach', '1-440-998-3187', '2019-11-21 02:46:08', '2019-11-21 02:46:08'),
(31, 31, 'Haylie Beer', '1-558-615-2158 x8908', '2019-11-21 02:48:15', '2019-11-21 02:48:15'),
(32, 32, 'Katelyn Bogisich', '1-991-815-7287', '2019-11-21 02:48:15', '2019-11-21 02:48:15'),
(33, 33, 'Camron Abernathy', '+1-573-773-8313', '2019-11-21 02:48:15', '2019-11-21 02:48:15'),
(34, 34, 'Prof. Lisa Hauck', '628.639.4652 x95089', '2019-11-21 02:48:15', '2019-11-21 02:48:15'),
(35, 35, 'Vilma Roob', '1-943-839-1603', '2019-11-21 02:48:15', '2019-11-21 02:48:15'),
(36, 36, 'Harmon Wyman', '(615) 817-2647', '2019-11-21 02:48:15', '2019-11-21 02:48:15'),
(37, 37, 'Gail Anderson Sr.', '1-431-396-4885 x6052', '2019-11-21 02:48:15', '2019-11-21 02:48:15'),
(38, 38, 'Mr. Brando Beatty DDS', '+1-242-748-2269', '2019-11-21 02:48:15', '2019-11-21 02:48:15'),
(39, 39, 'Torrance Mills', '+1.898.252.1694', '2019-11-21 02:48:15', '2019-11-21 02:48:15'),
(40, 40, 'Ruben Doyle III', '(756) 569-2334 x98014', '2019-11-21 02:48:16', '2019-11-21 02:48:16'),
(41, 41, 'Dr. Haylie Gislason', '(915) 275-5580', '2019-11-21 02:48:16', '2019-11-21 02:48:16'),
(42, 42, 'Jenifer Purdy', '372-382-1415 x3918', '2019-11-21 02:48:16', '2019-11-21 02:48:16'),
(43, 43, 'Selina Stokes MD', '+18293857566', '2019-11-21 02:48:16', '2019-11-21 02:48:16'),
(44, 44, 'Marlee Altenwerth', '813-776-5936 x603', '2019-11-21 02:48:16', '2019-11-21 02:48:16'),
(45, 45, 'Dana Rutherford', '(252) 209-0517 x7942', '2019-11-21 02:48:16', '2019-11-21 02:48:16'),
(46, 46, 'Alexzander Volkman', '1-217-440-0895', '2019-11-21 02:48:16', '2019-11-21 02:48:16'),
(47, 47, 'Edwina Heller', '378-301-7309 x7090', '2019-11-21 02:48:16', '2019-11-21 02:48:16'),
(48, 48, 'Raleigh Nader', '303.725.3358', '2019-11-21 02:48:16', '2019-11-21 02:48:16'),
(49, 49, 'Connie Ortiz', '809.679.0143 x48263', '2019-11-21 02:48:16', '2019-11-21 02:48:16'),
(50, 50, 'Margaret Larkin I', '895-683-0635', '2019-11-21 02:48:16', '2019-11-21 02:48:16'),
(51, 51, 'Berenice Franecki', '772.303.9420 x39036', '2019-11-21 02:48:16', '2019-11-21 02:48:16'),
(52, 52, 'Lucius Christiansen', '479.993.9100 x721', '2019-11-21 02:48:17', '2019-11-21 02:48:17'),
(53, 53, 'Kitty Boehm', '1-574-381-5426 x475', '2019-11-21 02:48:17', '2019-11-21 02:48:17'),
(54, 54, 'Andres Bauch I', '(560) 697-9211 x259', '2019-11-21 02:48:17', '2019-11-21 02:48:17'),
(55, 55, 'Dr. Carley Orn II', '(850) 720-2600', '2019-11-21 02:48:17', '2019-11-21 02:48:17'),
(56, 56, 'Mr. Wilton Simonis Sr.', '621.912.3850', '2019-11-21 02:48:17', '2019-11-21 02:48:17'),
(57, 57, 'Dr. Mack Goyette', '328.574.2948', '2019-11-21 02:48:17', '2019-11-21 02:48:17'),
(58, 58, 'Angela Mills', '1-551-353-0748 x2290', '2019-11-21 02:48:17', '2019-11-21 02:48:17'),
(59, 59, 'Giovani Brekke', '746.434.9044 x877', '2019-11-21 02:48:17', '2019-11-21 02:48:17'),
(60, 60, 'Jamar Veum', '+1-616-531-4423', '2019-11-21 02:48:17', '2019-11-21 02:48:17');

-- --------------------------------------------------------

--
-- Cấu trúc bảng cho bảng `password_resets`
--

CREATE TABLE `password_resets` (
  `email` varchar(255) COLLATE utf8mb4_unicode_ci NOT NULL,
  `token` varchar(255) COLLATE utf8mb4_unicode_ci NOT NULL,
  `created_at` timestamp NULL DEFAULT NULL
) ENGINE=InnoDB DEFAULT CHARSET=utf8mb4 COLLATE=utf8mb4_unicode_ci;

-- --------------------------------------------------------

--
-- Cấu trúc bảng cho bảng `photos`
--

CREATE TABLE `photos` (
  `id` bigint(20) UNSIGNED NOT NULL,
  `room_id` bigint(20) NOT NULL,
  `path` varchar(255) COLLATE utf8mb4_unicode_ci NOT NULL,
  `created_at` timestamp NULL DEFAULT NULL,
  `updated_at` timestamp NULL DEFAULT NULL
) ENGINE=InnoDB DEFAULT CHARSET=utf8mb4 COLLATE=utf8mb4_unicode_ci;

--
-- Đang đổ dữ liệu cho bảng `photos`
--

INSERT INTO `photos` (`id`, `room_id`, `path`, `created_at`, `updated_at`) VALUES
(1, 51, 'https://lorempixel.com/640/480/?69917', '2019-11-21 04:39:35', '2019-11-21 04:39:35'),
(2, 51, 'https://lorempixel.com/640/480/?56625', '2019-11-21 04:39:36', '2019-11-21 04:39:36'),
(3, 51, 'https://lorempixel.com/640/480/?54293', '2019-11-21 04:39:36', '2019-11-21 04:39:36'),
(4, 51, 'https://lorempixel.com/640/480/?22263', '2019-11-21 04:39:36', '2019-11-21 04:39:36'),
(5, 51, 'https://lorempixel.com/640/480/?31924', '2019-11-21 04:39:36', '2019-11-21 04:39:36'),
(6, 51, 'https://lorempixel.com/640/480/?41515', '2019-11-21 04:39:36', '2019-11-21 04:39:36'),
(7, 52, 'https://lorempixel.com/640/480/?55706', '2019-11-21 04:39:36', '2019-11-21 04:39:36'),
(8, 52, 'https://lorempixel.com/640/480/?96552', '2019-11-21 04:39:36', '2019-11-21 04:39:36'),
(9, 52, 'https://lorempixel.com/640/480/?50301', '2019-11-21 04:39:36', '2019-11-21 04:39:36'),
(10, 52, 'https://lorempixel.com/640/480/?63790', '2019-11-21 04:39:36', '2019-11-21 04:39:36'),
(11, 52, 'https://lorempixel.com/640/480/?95134', '2019-11-21 04:39:37', '2019-11-21 04:39:37'),
(12, 52, 'https://lorempixel.com/640/480/?93640', '2019-11-21 04:39:37', '2019-11-21 04:39:37'),
(13, 53, 'https://lorempixel.com/640/480/?99846', '2019-11-21 04:39:37', '2019-11-21 04:39:37'),
(14, 53, 'https://lorempixel.com/640/480/?99438', '2019-11-21 04:39:37', '2019-11-21 04:39:37'),
(15, 53, 'https://lorempixel.com/640/480/?88134', '2019-11-21 04:39:37', '2019-11-21 04:39:37'),
(16, 53, 'https://lorempixel.com/640/480/?95207', '2019-11-21 04:39:37', '2019-11-21 04:39:37'),
(17, 53, 'https://lorempixel.com/640/480/?94713', '2019-11-21 04:39:37', '2019-11-21 04:39:37'),
(18, 53, 'https://lorempixel.com/640/480/?15727', '2019-11-21 04:39:37', '2019-11-21 04:39:37'),
(19, 54, 'https://lorempixel.com/640/480/?70218', '2019-11-21 04:39:37', '2019-11-21 04:39:37'),
(20, 54, 'https://lorempixel.com/640/480/?10411', '2019-11-21 04:39:37', '2019-11-21 04:39:37'),
(21, 54, 'https://lorempixel.com/640/480/?11258', '2019-11-21 04:39:37', '2019-11-21 04:39:37'),
(22, 54, 'https://lorempixel.com/640/480/?58302', '2019-11-21 04:39:37', '2019-11-21 04:39:37'),
(23, 54, 'https://lorempixel.com/640/480/?42467', '2019-11-21 04:39:37', '2019-11-21 04:39:37'),
(24, 54, 'https://lorempixel.com/640/480/?13282', '2019-11-21 04:39:37', '2019-11-21 04:39:37'),
(25, 55, 'https://lorempixel.com/640/480/?40506', '2019-11-21 04:39:37', '2019-11-21 04:39:37'),
(26, 55, 'https://lorempixel.com/640/480/?31175', '2019-11-21 04:39:38', '2019-11-21 04:39:38'),
(27, 55, 'https://lorempixel.com/640/480/?78523', '2019-11-21 04:39:38', '2019-11-21 04:39:38'),
(28, 55, 'https://lorempixel.com/640/480/?38942', '2019-11-21 04:39:38', '2019-11-21 04:39:38'),
(29, 55, 'https://lorempixel.com/640/480/?49357', '2019-11-21 04:39:38', '2019-11-21 04:39:38'),
(30, 55, 'https://lorempixel.com/640/480/?43027', '2019-11-21 04:39:38', '2019-11-21 04:39:38'),
(31, 56, 'https://lorempixel.com/640/480/?88369', '2019-11-21 04:39:38', '2019-11-21 04:39:38'),
(32, 56, 'https://lorempixel.com/640/480/?10008', '2019-11-21 04:39:38', '2019-11-21 04:39:38'),
(33, 56, 'https://lorempixel.com/640/480/?77990', '2019-11-21 04:39:38', '2019-11-21 04:39:38'),
(34, 56, 'https://lorempixel.com/640/480/?57865', '2019-11-21 04:39:38', '2019-11-21 04:39:38'),
(35, 56, 'https://lorempixel.com/640/480/?27588', '2019-11-21 04:39:38', '2019-11-21 04:39:38'),
(36, 56, 'https://lorempixel.com/640/480/?18226', '2019-11-21 04:39:38', '2019-11-21 04:39:38'),
(37, 57, 'https://lorempixel.com/640/480/?28386', '2019-11-21 04:39:38', '2019-11-21 04:39:38'),
(38, 57, 'https://lorempixel.com/640/480/?98150', '2019-11-21 04:39:38', '2019-11-21 04:39:38'),
(39, 57, 'https://lorempixel.com/640/480/?94761', '2019-11-21 04:39:38', '2019-11-21 04:39:38'),
(40, 57, 'https://lorempixel.com/640/480/?89513', '2019-11-21 04:39:38', '2019-11-21 04:39:38'),
(41, 57, 'https://lorempixel.com/640/480/?80484', '2019-11-21 04:39:38', '2019-11-21 04:39:38'),
(42, 57, 'https://lorempixel.com/640/480/?11975', '2019-11-21 04:39:38', '2019-11-21 04:39:38'),
(43, 58, 'https://lorempixel.com/640/480/?29814', '2019-11-21 04:39:38', '2019-11-21 04:39:38'),
(44, 58, 'https://lorempixel.com/640/480/?29113', '2019-11-21 04:39:38', '2019-11-21 04:39:38'),
(45, 58, 'https://lorempixel.com/640/480/?17233', '2019-11-21 04:39:38', '2019-11-21 04:39:38'),
(46, 58, 'https://lorempixel.com/640/480/?46446', '2019-11-21 04:39:39', '2019-11-21 04:39:39'),
(47, 58, 'https://lorempixel.com/640/480/?47476', '2019-11-21 04:39:39', '2019-11-21 04:39:39'),
(48, 58, 'https://lorempixel.com/640/480/?42098', '2019-11-21 04:39:39', '2019-11-21 04:39:39'),
(49, 59, 'https://lorempixel.com/640/480/?11762', '2019-11-21 04:39:39', '2019-11-21 04:39:39'),
(50, 59, 'https://lorempixel.com/640/480/?19194', '2019-11-21 04:39:39', '2019-11-21 04:39:39'),
(51, 59, 'https://lorempixel.com/640/480/?78005', '2019-11-21 04:39:39', '2019-11-21 04:39:39'),
(52, 59, 'https://lorempixel.com/640/480/?68292', '2019-11-21 04:39:39', '2019-11-21 04:39:39'),
(53, 59, 'https://lorempixel.com/640/480/?36250', '2019-11-21 04:39:39', '2019-11-21 04:39:39'),
(54, 59, 'https://lorempixel.com/640/480/?90903', '2019-11-21 04:39:39', '2019-11-21 04:39:39'),
(55, 60, 'https://lorempixel.com/640/480/?16087', '2019-11-21 04:39:39', '2019-11-21 04:39:39'),
(56, 60, 'https://lorempixel.com/640/480/?33793', '2019-11-21 04:39:39', '2019-11-21 04:39:39'),
(57, 60, 'https://lorempixel.com/640/480/?93384', '2019-11-21 04:39:39', '2019-11-21 04:39:39'),
(58, 60, 'https://lorempixel.com/640/480/?93577', '2019-11-21 04:39:39', '2019-11-21 04:39:39'),
(59, 60, 'https://lorempixel.com/640/480/?97884', '2019-11-21 04:39:39', '2019-11-21 04:39:39'),
(60, 60, 'https://lorempixel.com/640/480/?12136', '2019-11-21 04:39:39', '2019-11-21 04:39:39'),
(61, 61, 'https://lorempixel.com/640/480/?16422', '2019-11-21 04:39:39', '2019-11-21 04:39:39'),
(62, 61, 'https://lorempixel.com/640/480/?19268', '2019-11-21 04:39:39', '2019-11-21 04:39:39'),
(63, 61, 'https://lorempixel.com/640/480/?79664', '2019-11-21 04:39:39', '2019-11-21 04:39:39'),
(64, 61, 'https://lorempixel.com/640/480/?11920', '2019-11-21 04:39:39', '2019-11-21 04:39:39'),
(65, 61, 'https://lorempixel.com/640/480/?80013', '2019-11-21 04:39:40', '2019-11-21 04:39:40'),
(66, 61, 'https://lorempixel.com/640/480/?52221', '2019-11-21 04:39:40', '2019-11-21 04:39:40'),
(67, 62, 'https://lorempixel.com/640/480/?50920', '2019-11-21 04:39:40', '2019-11-21 04:39:40'),
(68, 62, 'https://lorempixel.com/640/480/?42960', '2019-11-21 04:39:40', '2019-11-21 04:39:40'),
(69, 62, 'https://lorempixel.com/640/480/?59402', '2019-11-21 04:39:40', '2019-11-21 04:39:40'),
(70, 62, 'https://lorempixel.com/640/480/?36816', '2019-11-21 04:39:40', '2019-11-21 04:39:40'),
(71, 62, 'https://lorempixel.com/640/480/?53976', '2019-11-21 04:39:40', '2019-11-21 04:39:40'),
(72, 62, 'https://lorempixel.com/640/480/?42754', '2019-11-21 04:39:40', '2019-11-21 04:39:40'),
(73, 63, 'https://lorempixel.com/640/480/?24832', '2019-11-21 04:39:40', '2019-11-21 04:39:40'),
(74, 63, 'https://lorempixel.com/640/480/?78646', '2019-11-21 04:39:40', '2019-11-21 04:39:40'),
(75, 63, 'https://lorempixel.com/640/480/?60980', '2019-11-21 04:39:40', '2019-11-21 04:39:40'),
(76, 63, 'https://lorempixel.com/640/480/?42830', '2019-11-21 04:39:40', '2019-11-21 04:39:40'),
(77, 63, 'https://lorempixel.com/640/480/?97340', '2019-11-21 04:39:40', '2019-11-21 04:39:40'),
(78, 63, 'https://lorempixel.com/640/480/?34386', '2019-11-21 04:39:40', '2019-11-21 04:39:40'),
(79, 64, 'https://lorempixel.com/640/480/?94019', '2019-11-21 04:39:40', '2019-11-21 04:39:40'),
(80, 64, 'https://lorempixel.com/640/480/?56145', '2019-11-21 04:39:41', '2019-11-21 04:39:41'),
(81, 64, 'https://lorempixel.com/640/480/?56683', '2019-11-21 04:39:41', '2019-11-21 04:39:41'),
(82, 64, 'https://lorempixel.com/640/480/?73434', '2019-11-21 04:39:41', '2019-11-21 04:39:41'),
(83, 64, 'https://lorempixel.com/640/480/?69215', '2019-11-21 04:39:41', '2019-11-21 04:39:41'),
(84, 64, 'https://lorempixel.com/640/480/?83753', '2019-11-21 04:39:41', '2019-11-21 04:39:41'),
(85, 65, 'https://lorempixel.com/640/480/?83931', '2019-11-21 04:39:41', '2019-11-21 04:39:41'),
(86, 65, 'https://lorempixel.com/640/480/?29895', '2019-11-21 04:39:41', '2019-11-21 04:39:41'),
(87, 65, 'https://lorempixel.com/640/480/?27349', '2019-11-21 04:39:41', '2019-11-21 04:39:41'),
(88, 65, 'https://lorempixel.com/640/480/?29279', '2019-11-21 04:39:41', '2019-11-21 04:39:41'),
(89, 65, 'https://lorempixel.com/640/480/?26304', '2019-11-21 04:39:41', '2019-11-21 04:39:41'),
(90, 65, 'https://lorempixel.com/640/480/?45025', '2019-11-21 04:39:41', '2019-11-21 04:39:41'),
(91, 66, 'https://lorempixel.com/640/480/?45515', '2019-11-21 04:39:41', '2019-11-21 04:39:41'),
(92, 66, 'https://lorempixel.com/640/480/?18440', '2019-11-21 04:39:41', '2019-11-21 04:39:41'),
(93, 66, 'https://lorempixel.com/640/480/?90482', '2019-11-21 04:39:41', '2019-11-21 04:39:41'),
(94, 66, 'https://lorempixel.com/640/480/?11657', '2019-11-21 04:39:41', '2019-11-21 04:39:41'),
(95, 66, 'https://lorempixel.com/640/480/?99442', '2019-11-21 04:39:41', '2019-11-21 04:39:41'),
(96, 66, 'https://lorempixel.com/640/480/?78964', '2019-11-21 04:39:41', '2019-11-21 04:39:41'),
(97, 67, 'https://lorempixel.com/640/480/?73364', '2019-11-21 04:39:42', '2019-11-21 04:39:42'),
(98, 67, 'https://lorempixel.com/640/480/?49661', '2019-11-21 04:39:42', '2019-11-21 04:39:42'),
(99, 67, 'https://lorempixel.com/640/480/?98712', '2019-11-21 04:39:42', '2019-11-21 04:39:42'),
(100, 67, 'https://lorempixel.com/640/480/?60414', '2019-11-21 04:39:42', '2019-11-21 04:39:42'),
(101, 67, 'https://lorempixel.com/640/480/?97585', '2019-11-21 04:39:42', '2019-11-21 04:39:42'),
(102, 67, 'https://lorempixel.com/640/480/?63780', '2019-11-21 04:39:42', '2019-11-21 04:39:42'),
(103, 68, 'https://lorempixel.com/640/480/?25808', '2019-11-21 04:39:42', '2019-11-21 04:39:42'),
(104, 68, 'https://lorempixel.com/640/480/?45748', '2019-11-21 04:39:42', '2019-11-21 04:39:42'),
(105, 68, 'https://lorempixel.com/640/480/?45723', '2019-11-21 04:39:42', '2019-11-21 04:39:42'),
(106, 68, 'https://lorempixel.com/640/480/?54358', '2019-11-21 04:39:42', '2019-11-21 04:39:42'),
(107, 68, 'https://lorempixel.com/640/480/?10879', '2019-11-21 04:39:42', '2019-11-21 04:39:42'),
(108, 68, 'https://lorempixel.com/640/480/?33727', '2019-11-21 04:39:42', '2019-11-21 04:39:42'),
(109, 69, 'https://lorempixel.com/640/480/?42385', '2019-11-21 04:39:42', '2019-11-21 04:39:42'),
(110, 69, 'https://lorempixel.com/640/480/?43639', '2019-11-21 04:39:42', '2019-11-21 04:39:42'),
(111, 69, 'https://lorempixel.com/640/480/?83395', '2019-11-21 04:39:42', '2019-11-21 04:39:42'),
(112, 69, 'https://lorempixel.com/640/480/?36672', '2019-11-21 04:39:42', '2019-11-21 04:39:42'),
(113, 69, 'https://lorempixel.com/640/480/?51912', '2019-11-21 04:39:42', '2019-11-21 04:39:42'),
(114, 69, 'https://lorempixel.com/640/480/?23081', '2019-11-21 04:39:42', '2019-11-21 04:39:42'),
(115, 70, 'https://lorempixel.com/640/480/?21701', '2019-11-21 04:39:42', '2019-11-21 04:39:42'),
(116, 70, 'https://lorempixel.com/640/480/?63656', '2019-11-21 04:39:43', '2019-11-21 04:39:43'),
(117, 70, 'https://lorempixel.com/640/480/?28340', '2019-11-21 04:39:43', '2019-11-21 04:39:43'),
(118, 70, 'https://lorempixel.com/640/480/?93207', '2019-11-21 04:39:43', '2019-11-21 04:39:43'),
(119, 70, 'https://lorempixel.com/640/480/?57049', '2019-11-21 04:39:43', '2019-11-21 04:39:43'),
(120, 70, 'https://lorempixel.com/640/480/?13341', '2019-11-21 04:39:43', '2019-11-21 04:39:43'),
(121, 71, 'https://lorempixel.com/640/480/?83536', '2019-11-21 04:39:43', '2019-11-21 04:39:43'),
(122, 71, 'https://lorempixel.com/640/480/?28931', '2019-11-21 04:39:43', '2019-11-21 04:39:43'),
(123, 71, 'https://lorempixel.com/640/480/?11571', '2019-11-21 04:39:43', '2019-11-21 04:39:43'),
(124, 71, 'https://lorempixel.com/640/480/?91047', '2019-11-21 04:39:43', '2019-11-21 04:39:43'),
(125, 71, 'https://lorempixel.com/640/480/?31061', '2019-11-21 04:39:43', '2019-11-21 04:39:43'),
(126, 71, 'https://lorempixel.com/640/480/?57956', '2019-11-21 04:39:43', '2019-11-21 04:39:43'),
(127, 72, 'https://lorempixel.com/640/480/?90346', '2019-11-21 04:39:43', '2019-11-21 04:39:43'),
(128, 72, 'https://lorempixel.com/640/480/?25893', '2019-11-21 04:39:44', '2019-11-21 04:39:44'),
(129, 72, 'https://lorempixel.com/640/480/?26543', '2019-11-21 04:39:44', '2019-11-21 04:39:44'),
(130, 72, 'https://lorempixel.com/640/480/?23286', '2019-11-21 04:39:44', '2019-11-21 04:39:44'),
(131, 72, 'https://lorempixel.com/640/480/?15313', '2019-11-21 04:39:44', '2019-11-21 04:39:44'),
(132, 72, 'https://lorempixel.com/640/480/?48286', '2019-11-21 04:39:44', '2019-11-21 04:39:44'),
(133, 73, 'https://lorempixel.com/640/480/?90651', '2019-11-21 04:39:44', '2019-11-21 04:39:44'),
(134, 73, 'https://lorempixel.com/640/480/?87565', '2019-11-21 04:39:44', '2019-11-21 04:39:44'),
(135, 73, 'https://lorempixel.com/640/480/?68715', '2019-11-21 04:39:44', '2019-11-21 04:39:44'),
(136, 73, 'https://lorempixel.com/640/480/?82334', '2019-11-21 04:39:44', '2019-11-21 04:39:44'),
(137, 73, 'https://lorempixel.com/640/480/?85482', '2019-11-21 04:39:44', '2019-11-21 04:39:44'),
(138, 73, 'https://lorempixel.com/640/480/?94780', '2019-11-21 04:39:44', '2019-11-21 04:39:44'),
(139, 74, 'https://lorempixel.com/640/480/?37927', '2019-11-21 04:39:44', '2019-11-21 04:39:44'),
(140, 74, 'https://lorempixel.com/640/480/?74245', '2019-11-21 04:39:44', '2019-11-21 04:39:44'),
(141, 74, 'https://lorempixel.com/640/480/?62769', '2019-11-21 04:39:44', '2019-11-21 04:39:44'),
(142, 74, 'https://lorempixel.com/640/480/?71716', '2019-11-21 04:39:44', '2019-11-21 04:39:44'),
(143, 74, 'https://lorempixel.com/640/480/?33827', '2019-11-21 04:39:44', '2019-11-21 04:39:44'),
(144, 74, 'https://lorempixel.com/640/480/?54039', '2019-11-21 04:39:44', '2019-11-21 04:39:44'),
(145, 75, 'https://lorempixel.com/640/480/?31917', '2019-11-21 04:39:45', '2019-11-21 04:39:45'),
(146, 75, 'https://lorempixel.com/640/480/?10978', '2019-11-21 04:39:45', '2019-11-21 04:39:45'),
(147, 75, 'https://lorempixel.com/640/480/?16618', '2019-11-21 04:39:45', '2019-11-21 04:39:45'),
(148, 75, 'https://lorempixel.com/640/480/?58493', '2019-11-21 04:39:45', '2019-11-21 04:39:45'),
(149, 75, 'https://lorempixel.com/640/480/?11900', '2019-11-21 04:39:45', '2019-11-21 04:39:45'),
(150, 75, 'https://lorempixel.com/640/480/?59103', '2019-11-21 04:39:45', '2019-11-21 04:39:45'),
(151, 76, 'https://lorempixel.com/640/480/?59917', '2019-11-21 04:39:45', '2019-11-21 04:39:45'),
(152, 76, 'https://lorempixel.com/640/480/?23784', '2019-11-21 04:39:45', '2019-11-21 04:39:45'),
(153, 76, 'https://lorempixel.com/640/480/?94024', '2019-11-21 04:39:45', '2019-11-21 04:39:45'),
(154, 76, 'https://lorempixel.com/640/480/?45606', '2019-11-21 04:39:45', '2019-11-21 04:39:45'),
(155, 76, 'https://lorempixel.com/640/480/?89806', '2019-11-21 04:39:45', '2019-11-21 04:39:45'),
(156, 76, 'https://lorempixel.com/640/480/?62490', '2019-11-21 04:39:45', '2019-11-21 04:39:45'),
(157, 77, 'https://lorempixel.com/640/480/?42928', '2019-11-21 04:39:45', '2019-11-21 04:39:45'),
(158, 77, 'https://lorempixel.com/640/480/?11211', '2019-11-21 04:39:45', '2019-11-21 04:39:45'),
(159, 77, 'https://lorempixel.com/640/480/?71457', '2019-11-21 04:39:45', '2019-11-21 04:39:45'),
(160, 77, 'https://lorempixel.com/640/480/?65303', '2019-11-21 04:39:45', '2019-11-21 04:39:45'),
(161, 77, 'https://lorempixel.com/640/480/?94667', '2019-11-21 04:39:45', '2019-11-21 04:39:45'),
(162, 77, 'https://lorempixel.com/640/480/?24516', '2019-11-21 04:39:46', '2019-11-21 04:39:46'),
(163, 78, 'https://lorempixel.com/640/480/?44564', '2019-11-21 04:39:46', '2019-11-21 04:39:46'),
(164, 78, 'https://lorempixel.com/640/480/?11836', '2019-11-21 04:39:46', '2019-11-21 04:39:46'),
(165, 78, 'https://lorempixel.com/640/480/?88644', '2019-11-21 04:39:46', '2019-11-21 04:39:46'),
(166, 78, 'https://lorempixel.com/640/480/?46459', '2019-11-21 04:39:46', '2019-11-21 04:39:46'),
(167, 78, 'https://lorempixel.com/640/480/?14681', '2019-11-21 04:39:46', '2019-11-21 04:39:46'),
(168, 78, 'https://lorempixel.com/640/480/?86286', '2019-11-21 04:39:46', '2019-11-21 04:39:46'),
(169, 79, 'https://lorempixel.com/640/480/?17631', '2019-11-21 04:39:46', '2019-11-21 04:39:46'),
(170, 79, 'https://lorempixel.com/640/480/?27041', '2019-11-21 04:39:46', '2019-11-21 04:39:46'),
(171, 79, 'https://lorempixel.com/640/480/?39001', '2019-11-21 04:39:46', '2019-11-21 04:39:46'),
(172, 79, 'https://lorempixel.com/640/480/?32357', '2019-11-21 04:39:46', '2019-11-21 04:39:46'),
(173, 79, 'https://lorempixel.com/640/480/?39967', '2019-11-21 04:39:46', '2019-11-21 04:39:46'),
(174, 79, 'https://lorempixel.com/640/480/?78608', '2019-11-21 04:39:47', '2019-11-21 04:39:47'),
(175, 80, 'https://lorempixel.com/640/480/?14268', '2019-11-21 04:39:47', '2019-11-21 04:39:47'),
(176, 80, 'https://lorempixel.com/640/480/?32050', '2019-11-21 04:39:47', '2019-11-21 04:39:47'),
(177, 80, 'https://lorempixel.com/640/480/?44593', '2019-11-21 04:39:47', '2019-11-21 04:39:47'),
(178, 80, 'https://lorempixel.com/640/480/?58860', '2019-11-21 04:39:47', '2019-11-21 04:39:47'),
(179, 80, 'https://lorempixel.com/640/480/?19757', '2019-11-21 04:39:47', '2019-11-21 04:39:47'),
(180, 80, 'https://lorempixel.com/640/480/?48577', '2019-11-21 04:39:47', '2019-11-21 04:39:47'),
(181, 81, 'https://lorempixel.com/640/480/?96274', '2019-11-21 04:39:47', '2019-11-21 04:39:47'),
(182, 81, 'https://lorempixel.com/640/480/?79072', '2019-11-21 04:39:47', '2019-11-21 04:39:47'),
(183, 81, 'https://lorempixel.com/640/480/?27892', '2019-11-21 04:39:47', '2019-11-21 04:39:47'),
(184, 81, 'https://lorempixel.com/640/480/?52841', '2019-11-21 04:39:47', '2019-11-21 04:39:47'),
(185, 81, 'https://lorempixel.com/640/480/?39243', '2019-11-21 04:39:47', '2019-11-21 04:39:47'),
(186, 81, 'https://lorempixel.com/640/480/?13825', '2019-11-21 04:39:47', '2019-11-21 04:39:47'),
(187, 82, 'https://lorempixel.com/640/480/?98683', '2019-11-21 04:39:48', '2019-11-21 04:39:48'),
(188, 82, 'https://lorempixel.com/640/480/?97819', '2019-11-21 04:39:48', '2019-11-21 04:39:48'),
(189, 82, 'https://lorempixel.com/640/480/?67013', '2019-11-21 04:39:48', '2019-11-21 04:39:48'),
(190, 82, 'https://lorempixel.com/640/480/?71612', '2019-11-21 04:39:48', '2019-11-21 04:39:48'),
(191, 82, 'https://lorempixel.com/640/480/?82675', '2019-11-21 04:39:48', '2019-11-21 04:39:48'),
(192, 82, 'https://lorempixel.com/640/480/?57020', '2019-11-21 04:39:48', '2019-11-21 04:39:48'),
(193, 83, 'https://lorempixel.com/640/480/?83810', '2019-11-21 04:39:48', '2019-11-21 04:39:48'),
(194, 83, 'https://lorempixel.com/640/480/?43826', '2019-11-21 04:39:48', '2019-11-21 04:39:48'),
(195, 83, 'https://lorempixel.com/640/480/?56460', '2019-11-21 04:39:48', '2019-11-21 04:39:48'),
(196, 83, 'https://lorempixel.com/640/480/?71315', '2019-11-21 04:39:48', '2019-11-21 04:39:48'),
(197, 83, 'https://lorempixel.com/640/480/?42016', '2019-11-21 04:39:48', '2019-11-21 04:39:48'),
(198, 83, 'https://lorempixel.com/640/480/?73410', '2019-11-21 04:39:48', '2019-11-21 04:39:48'),
(199, 84, 'https://lorempixel.com/640/480/?69551', '2019-11-21 04:39:48', '2019-11-21 04:39:48'),
(200, 84, 'https://lorempixel.com/640/480/?36686', '2019-11-21 04:39:48', '2019-11-21 04:39:48'),
(201, 84, 'https://lorempixel.com/640/480/?36576', '2019-11-21 04:39:49', '2019-11-21 04:39:49'),
(202, 84, 'https://lorempixel.com/640/480/?87594', '2019-11-21 04:39:49', '2019-11-21 04:39:49'),
(203, 84, 'https://lorempixel.com/640/480/?13672', '2019-11-21 04:39:49', '2019-11-21 04:39:49'),
(204, 84, 'https://lorempixel.com/640/480/?13199', '2019-11-21 04:39:49', '2019-11-21 04:39:49'),
(205, 85, 'https://lorempixel.com/640/480/?58173', '2019-11-21 04:39:49', '2019-11-21 04:39:49'),
(206, 85, 'https://lorempixel.com/640/480/?49870', '2019-11-21 04:39:49', '2019-11-21 04:39:49'),
(207, 85, 'https://lorempixel.com/640/480/?21381', '2019-11-21 04:39:49', '2019-11-21 04:39:49'),
(208, 85, 'https://lorempixel.com/640/480/?85374', '2019-11-21 04:39:49', '2019-11-21 04:39:49'),
(209, 85, 'https://lorempixel.com/640/480/?38866', '2019-11-21 04:39:49', '2019-11-21 04:39:49'),
(210, 85, 'https://lorempixel.com/640/480/?81270', '2019-11-21 04:39:49', '2019-11-21 04:39:49'),
(211, 86, 'https://lorempixel.com/640/480/?43692', '2019-11-21 04:39:49', '2019-11-21 04:39:49'),
(212, 86, 'https://lorempixel.com/640/480/?56023', '2019-11-21 04:39:49', '2019-11-21 04:39:49'),
(213, 86, 'https://lorempixel.com/640/480/?14040', '2019-11-21 04:39:49', '2019-11-21 04:39:49'),
(214, 86, 'https://lorempixel.com/640/480/?10843', '2019-11-21 04:39:49', '2019-11-21 04:39:49'),
(215, 86, 'https://lorempixel.com/640/480/?65955', '2019-11-21 04:39:49', '2019-11-21 04:39:49'),
(216, 86, 'https://lorempixel.com/640/480/?99471', '2019-11-21 04:39:49', '2019-11-21 04:39:49'),
(217, 87, 'https://lorempixel.com/640/480/?34201', '2019-11-21 04:39:50', '2019-11-21 04:39:50'),
(218, 87, 'https://lorempixel.com/640/480/?26939', '2019-11-21 04:39:50', '2019-11-21 04:39:50'),
(219, 87, 'https://lorempixel.com/640/480/?75775', '2019-11-21 04:39:50', '2019-11-21 04:39:50'),
(220, 87, 'https://lorempixel.com/640/480/?70208', '2019-11-21 04:39:50', '2019-11-21 04:39:50'),
(221, 87, 'https://lorempixel.com/640/480/?79917', '2019-11-21 04:39:50', '2019-11-21 04:39:50'),
(222, 87, 'https://lorempixel.com/640/480/?44395', '2019-11-21 04:39:50', '2019-11-21 04:39:50'),
(223, 88, 'https://lorempixel.com/640/480/?52461', '2019-11-21 04:39:50', '2019-11-21 04:39:50'),
(224, 88, 'https://lorempixel.com/640/480/?40891', '2019-11-21 04:39:50', '2019-11-21 04:39:50'),
(225, 88, 'https://lorempixel.com/640/480/?45915', '2019-11-21 04:39:50', '2019-11-21 04:39:50'),
(226, 88, 'https://lorempixel.com/640/480/?66322', '2019-11-21 04:39:50', '2019-11-21 04:39:50'),
(227, 88, 'https://lorempixel.com/640/480/?88470', '2019-11-21 04:39:50', '2019-11-21 04:39:50'),
(228, 88, 'https://lorempixel.com/640/480/?22907', '2019-11-21 04:39:50', '2019-11-21 04:39:50'),
(229, 89, 'https://lorempixel.com/640/480/?17703', '2019-11-21 04:39:50', '2019-11-21 04:39:50'),
(230, 89, 'https://lorempixel.com/640/480/?48811', '2019-11-21 04:39:50', '2019-11-21 04:39:50'),
(231, 89, 'https://lorempixel.com/640/480/?55931', '2019-11-21 04:39:51', '2019-11-21 04:39:51'),
(232, 89, 'https://lorempixel.com/640/480/?32163', '2019-11-21 04:39:51', '2019-11-21 04:39:51'),
(233, 89, 'https://lorempixel.com/640/480/?77379', '2019-11-21 04:39:51', '2019-11-21 04:39:51'),
(234, 89, 'https://lorempixel.com/640/480/?80611', '2019-11-21 04:39:51', '2019-11-21 04:39:51'),
(235, 90, 'https://lorempixel.com/640/480/?62664', '2019-11-21 04:39:51', '2019-11-21 04:39:51'),
(236, 90, 'https://lorempixel.com/640/480/?40872', '2019-11-21 04:39:51', '2019-11-21 04:39:51'),
(237, 90, 'https://lorempixel.com/640/480/?72695', '2019-11-21 04:39:51', '2019-11-21 04:39:51'),
(238, 90, 'https://lorempixel.com/640/480/?21754', '2019-11-21 04:39:52', '2019-11-21 04:39:52'),
(239, 90, 'https://lorempixel.com/640/480/?94449', '2019-11-21 04:39:52', '2019-11-21 04:39:52'),
(240, 90, 'https://lorempixel.com/640/480/?33839', '2019-11-21 04:39:52', '2019-11-21 04:39:52'),
(241, 91, 'https://lorempixel.com/640/480/?46595', '2019-11-21 04:39:52', '2019-11-21 04:39:52'),
(242, 91, 'https://lorempixel.com/640/480/?91162', '2019-11-21 04:39:52', '2019-11-21 04:39:52'),
(243, 91, 'https://lorempixel.com/640/480/?99500', '2019-11-21 04:39:52', '2019-11-21 04:39:52'),
(244, 91, 'https://lorempixel.com/640/480/?57987', '2019-11-21 04:39:52', '2019-11-21 04:39:52'),
(245, 91, 'https://lorempixel.com/640/480/?38363', '2019-11-21 04:39:52', '2019-11-21 04:39:52'),
(246, 91, 'https://lorempixel.com/640/480/?44570', '2019-11-21 04:39:52', '2019-11-21 04:39:52'),
(247, 92, 'https://lorempixel.com/640/480/?23517', '2019-11-21 04:39:52', '2019-11-21 04:39:52'),
(248, 92, 'https://lorempixel.com/640/480/?61626', '2019-11-21 04:39:52', '2019-11-21 04:39:52'),
(249, 92, 'https://lorempixel.com/640/480/?53407', '2019-11-21 04:39:53', '2019-11-21 04:39:53'),
(250, 92, 'https://lorempixel.com/640/480/?50569', '2019-11-21 04:39:53', '2019-11-21 04:39:53'),
(251, 92, 'https://lorempixel.com/640/480/?46246', '2019-11-21 04:39:53', '2019-11-21 04:39:53'),
(252, 92, 'https://lorempixel.com/640/480/?89637', '2019-11-21 04:39:53', '2019-11-21 04:39:53'),
(253, 93, 'https://lorempixel.com/640/480/?31319', '2019-11-21 04:39:53', '2019-11-21 04:39:53'),
(254, 93, 'https://lorempixel.com/640/480/?20498', '2019-11-21 04:39:53', '2019-11-21 04:39:53'),
(255, 93, 'https://lorempixel.com/640/480/?22100', '2019-11-21 04:39:53', '2019-11-21 04:39:53'),
(256, 93, 'https://lorempixel.com/640/480/?89003', '2019-11-21 04:39:53', '2019-11-21 04:39:53'),
(257, 93, 'https://lorempixel.com/640/480/?29845', '2019-11-21 04:39:53', '2019-11-21 04:39:53'),
(258, 93, 'https://lorempixel.com/640/480/?62688', '2019-11-21 04:39:53', '2019-11-21 04:39:53'),
(259, 94, 'https://lorempixel.com/640/480/?87635', '2019-11-21 04:39:53', '2019-11-21 04:39:53'),
(260, 94, 'https://lorempixel.com/640/480/?34829', '2019-11-21 04:39:53', '2019-11-21 04:39:53'),
(261, 94, 'https://lorempixel.com/640/480/?95579', '2019-11-21 04:39:54', '2019-11-21 04:39:54'),
(262, 94, 'https://lorempixel.com/640/480/?76984', '2019-11-21 04:39:54', '2019-11-21 04:39:54'),
(263, 94, 'https://lorempixel.com/640/480/?84121', '2019-11-21 04:39:54', '2019-11-21 04:39:54'),
(264, 94, 'https://lorempixel.com/640/480/?29229', '2019-11-21 04:39:54', '2019-11-21 04:39:54'),
(265, 95, 'https://lorempixel.com/640/480/?80287', '2019-11-21 04:39:54', '2019-11-21 04:39:54'),
(266, 95, 'https://lorempixel.com/640/480/?16373', '2019-11-21 04:39:54', '2019-11-21 04:39:54'),
(267, 95, 'https://lorempixel.com/640/480/?85048', '2019-11-21 04:39:54', '2019-11-21 04:39:54'),
(268, 95, 'https://lorempixel.com/640/480/?57101', '2019-11-21 04:39:54', '2019-11-21 04:39:54'),
(269, 95, 'https://lorempixel.com/640/480/?70421', '2019-11-21 04:39:54', '2019-11-21 04:39:54'),
(270, 95, 'https://lorempixel.com/640/480/?75887', '2019-11-21 04:39:54', '2019-11-21 04:39:54'),
(271, 96, 'https://lorempixel.com/640/480/?56589', '2019-11-21 04:39:54', '2019-11-21 04:39:54'),
(272, 96, 'https://lorempixel.com/640/480/?37796', '2019-11-21 04:39:54', '2019-11-21 04:39:54'),
(273, 96, 'https://lorempixel.com/640/480/?47583', '2019-11-21 04:39:54', '2019-11-21 04:39:54'),
(274, 96, 'https://lorempixel.com/640/480/?49244', '2019-11-21 04:39:54', '2019-11-21 04:39:54'),
(275, 96, 'https://lorempixel.com/640/480/?22741', '2019-11-21 04:39:54', '2019-11-21 04:39:54'),
(276, 96, 'https://lorempixel.com/640/480/?89831', '2019-11-21 04:39:54', '2019-11-21 04:39:54'),
(277, 97, 'https://lorempixel.com/640/480/?46597', '2019-11-21 04:39:55', '2019-11-21 04:39:55'),
(278, 97, 'https://lorempixel.com/640/480/?78220', '2019-11-21 04:39:55', '2019-11-21 04:39:55'),
(279, 97, 'https://lorempixel.com/640/480/?91233', '2019-11-21 04:39:55', '2019-11-21 04:39:55'),
(280, 97, 'https://lorempixel.com/640/480/?26218', '2019-11-21 04:39:55', '2019-11-21 04:39:55'),
(281, 97, 'https://lorempixel.com/640/480/?20669', '2019-11-21 04:39:55', '2019-11-21 04:39:55'),
(282, 97, 'https://lorempixel.com/640/480/?64466', '2019-11-21 04:39:55', '2019-11-21 04:39:55'),
(283, 98, 'https://lorempixel.com/640/480/?28687', '2019-11-21 04:39:55', '2019-11-21 04:39:55'),
(284, 98, 'https://lorempixel.com/640/480/?63152', '2019-11-21 04:39:55', '2019-11-21 04:39:55'),
(285, 98, 'https://lorempixel.com/640/480/?73262', '2019-11-21 04:39:55', '2019-11-21 04:39:55'),
(286, 98, 'https://lorempixel.com/640/480/?73990', '2019-11-21 04:39:55', '2019-11-21 04:39:55'),
(287, 98, 'https://lorempixel.com/640/480/?98990', '2019-11-21 04:39:55', '2019-11-21 04:39:55'),
(288, 98, 'https://lorempixel.com/640/480/?34265', '2019-11-21 04:39:55', '2019-11-21 04:39:55'),
(289, 99, 'https://lorempixel.com/640/480/?61523', '2019-11-21 04:39:55', '2019-11-21 04:39:55'),
(290, 99, 'https://lorempixel.com/640/480/?80697', '2019-11-21 04:39:55', '2019-11-21 04:39:55'),
(291, 99, 'https://lorempixel.com/640/480/?45051', '2019-11-21 04:39:55', '2019-11-21 04:39:55'),
(292, 99, 'https://lorempixel.com/640/480/?88688', '2019-11-21 04:39:55', '2019-11-21 04:39:55'),
(293, 99, 'https://lorempixel.com/640/480/?37057', '2019-11-21 04:39:55', '2019-11-21 04:39:55'),
(294, 99, 'https://lorempixel.com/640/480/?24532', '2019-11-21 04:39:56', '2019-11-21 04:39:56'),
(295, 100, 'https://lorempixel.com/640/480/?68898', '2019-11-21 04:39:56', '2019-11-21 04:39:56'),
(296, 100, 'https://lorempixel.com/640/480/?15792', '2019-11-21 04:39:56', '2019-11-21 04:39:56'),
(297, 100, 'https://lorempixel.com/640/480/?99865', '2019-11-21 04:39:56', '2019-11-21 04:39:56'),
(298, 100, 'https://lorempixel.com/640/480/?35150', '2019-11-21 04:39:56', '2019-11-21 04:39:56'),
(299, 100, 'https://lorempixel.com/640/480/?55310', '2019-11-21 04:39:56', '2019-11-21 04:39:56'),
(300, 100, 'https://lorempixel.com/640/480/?51531', '2019-11-21 04:39:56', '2019-11-21 04:39:56');

-- --------------------------------------------------------

--
-- Cấu trúc bảng cho bảng `posts`
--

CREATE TABLE `posts` (
  `id` bigint(20) UNSIGNED NOT NULL,
  `room_id` bigint(20) NOT NULL,
  `status` enum('0','1','2') COLLATE utf8mb4_unicode_ci NOT NULL DEFAULT '0',
  `created_at` timestamp NULL DEFAULT NULL,
  `updated_at` timestamp NULL DEFAULT NULL
) ENGINE=InnoDB DEFAULT CHARSET=utf8mb4 COLLATE=utf8mb4_unicode_ci;

-- --------------------------------------------------------

--
-- Cấu trúc bảng cho bảng `rooms`
--

CREATE TABLE `rooms` (
  `id` bigint(20) UNSIGNED NOT NULL,
  `owner_id` bigint(20) NOT NULL,
  `category_id` int(11) NOT NULL,
  `ward_id` int(11) NOT NULL,
  `title` varchar(50) COLLATE utf8mb4_unicode_ci NOT NULL,
  `description` varchar(255) COLLATE utf8mb4_unicode_ci NOT NULL,
  `thumbnail` varchar(255) COLLATE utf8mb4_unicode_ci NOT NULL,
  `price` decimal(8,2) UNSIGNED NOT NULL DEFAULT 0.00,
  `size` decimal(8,2) UNSIGNED NOT NULL DEFAULT 0.00,
  `address` varchar(255) COLLATE utf8mb4_unicode_ci NOT NULL,
  `created_at` timestamp NULL DEFAULT NULL,
  `updated_at` timestamp NULL DEFAULT NULL
) ENGINE=InnoDB DEFAULT CHARSET=utf8mb4 COLLATE=utf8mb4_unicode_ci;

--
-- Đang đổ dữ liệu cho bảng `rooms`
--

INSERT INTO `rooms` (`id`, `owner_id`, `category_id`, `ward_id`, `title`, `description`, `thumbnail`, `price`, `size`, `address`, `created_at`, `updated_at`) VALUES
(1, 19, 4, 1, 'Occaecati optio vel.', 'Repellat pariatur nihil aliquid consequatur soluta est. Facere autem rem et eum id non molestias.', 'https://lorempixel.com/640/480/?21772', '16722.00', '34.50', 'Qui quasi vel nobis qui.', '2019-11-21 04:38:41', '2019-11-21 04:38:41'),
(2, 19, 2, 6, 'Libero repellendus.', 'Numquam veniam aliquid est et similique. Est velit explicabo voluptatum quia et rerum.', 'https://lorempixel.com/640/480/?38028', '13697.00', '39.90', 'Eligendi perspiciatis quis sed.', '2019-11-21 04:38:41', '2019-11-21 04:38:41'),
(3, 24, 2, 7, 'Iste quasi et.', 'Reprehenderit a delectus qui. Dolor architecto et doloremque nemo. Omnis ea aut inventore enim eveniet esse. Ipsum rerum omnis consequatur quo.', 'https://lorempixel.com/640/480/?17141', '13464.00', '16.90', 'Hic natus natus asperiores facere.', '2019-11-21 04:38:41', '2019-11-21 04:38:41'),
(4, 26, 2, 21, 'Amet laborum numquam.', 'Aut sequi nisi molestiae sit omnis est. Voluptatum voluptatibus et quis ex ut. Dolorem quis necessitatibus dolor. Aut iste doloribus qui corporis.', 'https://lorempixel.com/640/480/?84554', '19816.00', '18.60', 'Nulla quis.', '2019-11-21 04:38:41', '2019-11-21 04:38:41'),
(5, 2, 1, 24, 'Iure rem.', 'Aut et eligendi sed fugit molestias quasi deleniti. Placeat quisquam et omnis impedit. Voluptatum possimus accusantium mollitia est soluta.', 'https://lorempixel.com/640/480/?59627', '18517.00', '25.10', 'Perspiciatis impedit ullam quod.', '2019-11-21 04:38:42', '2019-11-21 04:38:42'),
(6, 14, 4, 20, 'Fuga dolor deleniti.', 'Quisquam qui et voluptate laudantium laborum expedita voluptas. Nihil ea accusamus ipsa dolores earum. Totam voluptate maiores minima velit corrupti.', 'https://lorempixel.com/640/480/?29385', '10049.00', '39.90', 'Aliquid iste fugit.', '2019-11-21 04:38:42', '2019-11-21 04:38:42'),
(7, 26, 1, 9, 'Et possimus.', 'Sit repellendus dolorem minima molestiae velit corporis cupiditate. At vero in vel eos tempora. Molestiae qui deserunt illum sed aliquid.', 'https://lorempixel.com/640/480/?63770', '12355.00', '22.20', 'Ex iste itaque facilis.', '2019-11-21 04:38:42', '2019-11-21 04:38:42'),
(8, 7, 1, 7, 'Dolorum aut.', 'Itaque assumenda inventore perspiciatis voluptas omnis beatae. Sit quod commodi id et ea accusamus. Nihil molestias esse commodi veniam.', 'https://lorempixel.com/640/480/?53782', '13770.00', '29.70', 'Odit quas cumque.', '2019-11-21 04:38:42', '2019-11-21 04:38:42'),
(9, 38, 2, 13, 'Et velit modi.', 'Vel dolore aspernatur eligendi perspiciatis debitis dolor. Porro aliquid id repellat tenetur. Unde ipsa est earum autem iusto.', 'https://lorempixel.com/640/480/?35272', '17323.00', '35.40', 'Qui error et voluptate.', '2019-11-21 04:38:42', '2019-11-21 04:38:42'),
(10, 34, 4, 15, 'Eos ducimus.', 'Eaque eius et et alias adipisci. Sapiente laboriosam aut odit nihil est. Corrupti et placeat et numquam molestiae consectetur dolor ut.', 'https://lorempixel.com/640/480/?37164', '14444.00', '21.80', 'Sed illum et quisquam.', '2019-11-21 04:38:42', '2019-11-21 04:38:42'),
(11, 1, 3, 3, 'Quidem dolore.', 'Qui quidem adipisci commodi omnis laboriosam assumenda. Et iure delectus voluptatem.', 'https://lorempixel.com/640/480/?99065', '12152.00', '21.80', 'Dolorem iure ad rerum.', '2019-11-21 04:38:42', '2019-11-21 04:38:42'),
(12, 19, 4, 16, 'Error quas rerum.', 'Rerum eaque unde veritatis est soluta. Dolores dolor iure animi molestiae illo dolorem. Iure nihil nesciunt illo a.', 'https://lorempixel.com/640/480/?12822', '16156.00', '15.50', 'Amet nihil facilis est.', '2019-11-21 04:38:42', '2019-11-21 04:38:42'),
(13, 35, 4, 9, 'Quo aut.', 'Voluptates fugit quisquam et vel vel. Possimus ducimus maxime ipsum et assumenda. Nobis omnis et corporis magnam voluptas in qui.', 'https://lorempixel.com/640/480/?99708', '14852.00', '29.20', 'Quia nulla aut vel.', '2019-11-21 04:38:42', '2019-11-21 04:38:42'),
(14, 14, 1, 17, 'Quia voluptatum.', 'Dicta pariatur doloremque autem. Dolor harum omnis est. Est quia natus veritatis nemo explicabo unde.', 'https://lorempixel.com/640/480/?98281', '12639.00', '30.80', 'Tempora et amet quia.', '2019-11-21 04:38:42', '2019-11-21 04:38:42'),
(15, 9, 3, 15, 'Porro inventore.', 'Non a voluptas vel nobis. Nulla vel ad amet. Reprehenderit ipsa vero occaecati repudiandae. Ab quasi dicta ullam expedita qui eos omnis.', 'https://lorempixel.com/640/480/?70616', '14007.00', '25.30', 'Ut placeat ipsam doloribus.', '2019-11-21 04:38:42', '2019-11-21 04:38:42'),
(16, 23, 3, 24, 'Vero autem quo.', 'Voluptas ut deleniti autem et. Natus harum ipsum ab quia est.', 'https://lorempixel.com/640/480/?36709', '18321.00', '31.30', 'Aliquam autem velit ex aut.', '2019-11-21 04:38:42', '2019-11-21 04:38:42'),
(17, 1, 3, 11, 'Consectetur explicabo vel.', 'Repellendus quas et quod accusantium officia. A et debitis rerum sit est. Nihil suscipit similique ut ea distinctio adipisci.', 'https://lorempixel.com/640/480/?43565', '18473.00', '33.90', 'Est expedita.', '2019-11-21 04:38:42', '2019-11-21 04:38:42'),
(18, 27, 1, 3, 'Facilis quae qui.', 'Perferendis vero dignissimos iste est animi. Iusto odit quisquam soluta. Quis eos saepe asperiores esse et velit soluta rerum.', 'https://lorempixel.com/640/480/?11788', '14350.00', '28.70', 'Distinctio quibusdam non.', '2019-11-21 04:38:42', '2019-11-21 04:38:42'),
(19, 5, 2, 13, 'Dicta blanditiis voluptatem.', 'Consequatur iusto a quo est esse ullam temporibus. Ut magnam vero quidem quia.', 'https://lorempixel.com/640/480/?61916', '19249.00', '16.10', 'Corrupti alias commodi voluptatem.', '2019-11-21 04:38:42', '2019-11-21 04:38:42'),
(20, 36, 2, 6, 'Autem est aut.', 'Numquam rerum doloremque expedita ex minus iste voluptatibus quia. Nam voluptates accusamus sed eum odio.', 'https://lorempixel.com/640/480/?96174', '15291.00', '26.50', 'Est non ut.', '2019-11-21 04:38:43', '2019-11-21 04:38:43'),
(21, 36, 3, 15, 'Et aspernatur magni.', 'Quaerat ad repudiandae exercitationem ut nihil. Dolore ut itaque hic omnis est dolores. Quasi enim id aut voluptatum suscipit. In non unde sint.', 'https://lorempixel.com/640/480/?11806', '14903.00', '20.00', 'Culpa nihil sint.', '2019-11-21 04:38:43', '2019-11-21 04:38:43'),
(22, 31, 4, 7, 'Incidunt cum.', 'Ea dignissimos et odio alias. Expedita aut aut harum omnis sit repudiandae.', 'https://lorempixel.com/640/480/?70819', '13130.00', '37.40', 'Quod occaecati dolorem.', '2019-11-21 04:38:43', '2019-11-21 04:38:43'),
(23, 30, 1, 24, 'Veniam fugit.', 'Minus impedit aut cum quasi sed id praesentium. Dicta qui repellat harum sapiente laborum qui maiores. Ut a eos quod voluptate.', 'https://lorempixel.com/640/480/?71650', '19290.00', '26.10', 'Esse quibusdam.', '2019-11-21 04:38:43', '2019-11-21 04:38:43'),
(24, 17, 3, 10, 'A cupiditate.', 'Non debitis et quaerat consectetur quo. Molestiae incidunt mollitia quo veniam nihil consequuntur laudantium.', 'https://lorempixel.com/640/480/?51907', '19070.00', '26.60', 'Molestiae maxime rem.', '2019-11-21 04:38:43', '2019-11-21 04:38:43'),
(25, 37, 2, 10, 'Eum odit.', 'Qui nulla quia a possimus maxime. Modi qui labore quae et eum fugit et. Nobis impedit iusto eligendi. At maiores perspiciatis autem illum.', 'https://lorempixel.com/640/480/?12591', '19919.00', '26.30', 'Dolores labore sit iusto.', '2019-11-21 04:38:43', '2019-11-21 04:38:43'),
(26, 8, 2, 10, 'Rerum odio.', 'Est eos amet quas et rerum debitis rem. Dolores magnam sunt et sit rem architecto sit. Culpa et dolores praesentium accusamus quae aliquam quia.', 'https://lorempixel.com/640/480/?54327', '13118.00', '29.20', 'Minima eum qui nam.', '2019-11-21 04:38:43', '2019-11-21 04:38:43'),
(27, 18, 1, 11, 'Totam est ea.', 'Voluptas voluptatum aperiam rem rerum. Rerum ab ut voluptas quia tempore nostrum velit totam. Perspiciatis sit accusamus placeat nostrum ea.', 'https://lorempixel.com/640/480/?86460', '15350.00', '33.90', 'Nisi necessitatibus eum iusto.', '2019-11-21 04:38:43', '2019-11-21 04:38:43'),
(28, 3, 2, 13, 'Est repellat omnis.', 'Illum vitae aut ut rem sunt voluptas. Sunt soluta assumenda officiis est. Corrupti voluptatem omnis optio et ipsa.', 'https://lorempixel.com/640/480/?98807', '15309.00', '18.00', 'Delectus aut sit.', '2019-11-21 04:38:43', '2019-11-21 04:38:43'),
(29, 14, 3, 1, 'Numquam ipsa et.', 'Officiis id autem a et nemo dolorem. Placeat aliquid vel necessitatibus aut earum. Mollitia nam deserunt quo id impedit quasi.', 'https://lorempixel.com/640/480/?26194', '14302.00', '16.00', 'Dolorum beatae inventore.', '2019-11-21 04:38:43', '2019-11-21 04:38:43'),
(30, 6, 3, 10, 'Voluptas est.', 'Eum doloremque modi odit dolorum odio. Nulla velit vel vitae et autem vero dolore. Sit et aut numquam amet.', 'https://lorempixel.com/640/480/?67539', '18083.00', '27.20', 'Beatae voluptates tempore ut.', '2019-11-21 04:38:43', '2019-11-21 04:38:43'),
(31, 40, 4, 23, 'Et quo distinctio.', 'Exercitationem omnis omnis unde adipisci nemo. Et beatae dolorem voluptatibus dolorem voluptatum voluptates.', 'https://lorempixel.com/640/480/?45278', '19388.00', '33.90', 'Sequi libero possimus atque sed.', '2019-11-21 04:38:43', '2019-11-21 04:38:43'),
(32, 22, 1, 1, 'Quos alias temporibus.', 'Provident optio corrupti vero est voluptas omnis odio. Et dolor iusto atque repudiandae qui. Quia ut quia veniam autem animi.', 'https://lorempixel.com/640/480/?84944', '13198.00', '34.30', 'Harum beatae assumenda.', '2019-11-21 04:38:44', '2019-11-21 04:38:44'),
(33, 26, 4, 20, 'Voluptatibus rerum.', 'Alias repellat velit ratione quasi. Et modi eum omnis architecto. Temporibus dolor et ut eius et optio.', 'https://lorempixel.com/640/480/?45316', '17867.00', '26.30', 'Hic expedita.', '2019-11-21 04:38:44', '2019-11-21 04:38:44'),
(34, 18, 2, 13, 'Hic necessitatibus accusantium.', 'Voluptatem perferendis sunt blanditiis et ut perspiciatis. Delectus eum consequatur molestiae cupiditate aut et. Optio dolorem quas quaerat et.', 'https://lorempixel.com/640/480/?86811', '15202.00', '20.70', 'Nihil autem earum.', '2019-11-21 04:38:44', '2019-11-21 04:38:44'),
(35, 21, 3, 12, 'Pariatur mollitia omnis.', 'Aut a ut cupiditate atque at. Minima cupiditate debitis quasi eum. Ducimus ut aliquam rem quis dignissimos rerum qui.', 'https://lorempixel.com/640/480/?56475', '17649.00', '17.20', 'Cupiditate vero incidunt.', '2019-11-21 04:38:44', '2019-11-21 04:38:44'),
(36, 39, 1, 24, 'Officiis et.', 'Quae dicta ipsum aut ut aut eius et quia. Consequuntur repellendus harum saepe iure. Saepe eius beatae consequatur veritatis velit ut.', 'https://lorempixel.com/640/480/?80183', '18865.00', '18.80', 'Doloremque delectus occaecati ipsa.', '2019-11-21 04:38:44', '2019-11-21 04:38:44'),
(37, 8, 2, 22, 'Reiciendis modi.', 'Aut aliquam libero et voluptatibus veritatis laudantium aperiam voluptatem. Id accusantium id quia quam. Officiis reiciendis numquam qui eum.', 'https://lorempixel.com/640/480/?47778', '10840.00', '15.80', 'Ut rerum facilis aut non.', '2019-11-21 04:38:44', '2019-11-21 04:38:44'),
(38, 21, 2, 24, 'Omnis quo.', 'Voluptatem sit quo itaque est omnis vitae. Unde sed quia non corporis ea quo. Ad nostrum itaque aut adipisci est recusandae ipsam.', 'https://lorempixel.com/640/480/?35856', '18370.00', '39.80', 'Nisi qui sapiente at.', '2019-11-21 04:38:44', '2019-11-21 04:38:44'),
(39, 19, 2, 5, 'Eos quod maiores.', 'Ipsa et soluta sit error accusantium id. Dolores ut reiciendis iusto dignissimos aut est odio dolorem. Fugiat quia dolore ipsum laborum quo.', 'https://lorempixel.com/640/480/?84576', '10534.00', '24.40', 'Omnis dicta sunt eligendi eligendi.', '2019-11-21 04:38:44', '2019-11-21 04:38:44'),
(40, 23, 2, 3, 'Commodi sapiente aperiam.', 'Et vero nemo sit velit nihil aut. Placeat consequuntur corrupti culpa quisquam eum est dolores quia. Aut tempore autem assumenda nostrum nobis.', 'https://lorempixel.com/640/480/?45525', '18429.00', '33.50', 'Veritatis blanditiis ratione.', '2019-11-21 04:38:44', '2019-11-21 04:38:44'),
(41, 18, 4, 18, 'Exercitationem possimus quam.', 'Sapiente consequatur quod veniam incidunt. Debitis quam aut ut et deserunt omnis est. Consectetur quia maxime quis cumque eius.', 'https://lorempixel.com/640/480/?18186', '18157.00', '37.90', 'In perspiciatis quaerat.', '2019-11-21 04:38:44', '2019-11-21 04:38:44'),
(42, 3, 4, 7, 'Nisi dolor.', 'Consectetur velit officia consequatur sit corrupti. Doloribus est dolore aut maiores ullam vel et. Maxime eaque quis officiis.', 'https://lorempixel.com/640/480/?17398', '13152.00', '22.30', 'Dolores et magni doloribus.', '2019-11-21 04:38:44', '2019-11-21 04:38:44'),
(43, 38, 4, 20, 'Omnis quaerat.', 'Assumenda quis voluptatem totam dolores consequatur. Id qui soluta vel quia praesentium. Nemo vel ea nemo consequatur ut a.', 'https://lorempixel.com/640/480/?47562', '18905.00', '23.30', 'Laboriosam asperiores repudiandae.', '2019-11-21 04:38:44', '2019-11-21 04:38:44'),
(44, 11, 3, 21, 'Enim culpa vitae.', 'Architecto dolor laboriosam quia sed. Beatae qui earum animi culpa. Repellat odio accusantium et rerum.', 'https://lorempixel.com/640/480/?72024', '19660.00', '19.30', 'Qui est eius minus.', '2019-11-21 04:38:44', '2019-11-21 04:38:44'),
(45, 34, 1, 24, 'Repellendus molestiae ullam.', 'Eos qui mollitia sed qui et et odit at. Sunt voluptas deserunt possimus magnam provident est rerum. Voluptatem omnis aspernatur sit soluta.', 'https://lorempixel.com/640/480/?50836', '13281.00', '39.60', 'Non laboriosam quia.', '2019-11-21 04:38:44', '2019-11-21 04:38:44'),
(46, 16, 3, 17, 'Repellendus atque.', 'Inventore accusamus accusamus eius ea. Nisi quisquam velit provident. Amet aut ducimus doloribus debitis sint nulla.', 'https://lorempixel.com/640/480/?65827', '16282.00', '32.40', 'Excepturi est ratione atque.', '2019-11-21 04:38:45', '2019-11-21 04:38:45'),
(47, 28, 4, 18, 'Quam aut modi.', 'Mollitia aut quisquam delectus ut. Aliquam rerum vitae ipsum non enim autem alias. Numquam sit aut nesciunt est dignissimos et voluptas.', 'https://lorempixel.com/640/480/?44776', '16551.00', '21.50', 'Quis delectus et eum.', '2019-11-21 04:38:45', '2019-11-21 04:38:45'),
(48, 9, 1, 2, 'Voluptatem earum.', 'Porro necessitatibus molestiae voluptas repellat. Molestiae magnam distinctio et est consequatur. Quod eligendi animi aut quibusdam.', 'https://lorempixel.com/640/480/?63598', '13769.00', '39.90', 'Reprehenderit quo eum incidunt.', '2019-11-21 04:38:45', '2019-11-21 04:38:45'),
(49, 9, 4, 22, 'Reprehenderit distinctio animi.', 'Doloribus maiores iste consequatur recusandae ex quisquam quibusdam. Fugit quo natus vel sint.', 'https://lorempixel.com/640/480/?52992', '13202.00', '17.90', 'Quo cum omnis optio autem.', '2019-11-21 04:38:45', '2019-11-21 04:38:45'),
(50, 24, 2, 10, 'Reiciendis alias ad.', 'Vero dolores ex deleniti culpa inventore. Soluta quos qui debitis quos accusantium.', 'https://lorempixel.com/640/480/?83385', '18349.00', '31.00', 'Voluptatum autem repudiandae nemo.', '2019-11-21 04:38:45', '2019-11-21 04:38:45'),
(51, 31, 3, 24, 'Incidunt nostrum non.', 'Est qui laudantium rerum rerum accusamus. Vitae voluptas officiis voluptatum et. Eveniet id similique sed et sint.', 'https://lorempixel.com/640/480/?57346', '11453.00', '27.20', 'Occaecati sapiente nemo aut consequatur.', '2019-11-21 04:39:32', '2019-11-21 04:39:32'),
(52, 26, 1, 22, 'Officia vero praesentium.', 'Maxime est est id consequuntur. Amet quod magnam placeat ullam eveniet ipsa.', 'https://lorempixel.com/640/480/?97796', '19359.00', '17.50', 'Magni ea beatae.', '2019-11-21 04:39:32', '2019-11-21 04:39:32'),
(53, 20, 3, 9, 'Officia vel.', 'Vitae consequuntur est id asperiores expedita qui repudiandae. Nisi nisi magnam non.', 'https://lorempixel.com/640/480/?31690', '18175.00', '24.90', 'Tempore qui aliquam quia.', '2019-11-21 04:39:33', '2019-11-21 04:39:33'),
(54, 33, 2, 13, 'Ut deleniti.', 'Ut rerum nam aliquid earum dolore. Aut neque recusandae amet neque.', 'https://lorempixel.com/640/480/?81443', '10775.00', '26.80', 'Repellendus minima culpa corporis.', '2019-11-21 04:39:33', '2019-11-21 04:39:33'),
(55, 10, 3, 22, 'Consequatur est.', 'Explicabo velit voluptas numquam alias nemo. Labore in culpa facere et.', 'https://lorempixel.com/640/480/?37883', '12470.00', '35.40', 'Praesentium ad.', '2019-11-21 04:39:33', '2019-11-21 04:39:33'),
(56, 21, 3, 18, 'Omnis cupiditate autem.', 'Sed vel consectetur doloremque veritatis vitae mollitia rerum. Voluptas iusto qui cupiditate esse. Nam non quae quia et inventore atque iste.', 'https://lorempixel.com/640/480/?51346', '11454.00', '25.40', 'Ea error voluptas.', '2019-11-21 04:39:33', '2019-11-21 04:39:33'),
(57, 7, 4, 19, 'Soluta ea.', 'Fuga nostrum autem itaque molestiae et. Est natus culpa fugit est omnis voluptas. Harum velit repellat ullam voluptatem nam iure dicta.', 'https://lorempixel.com/640/480/?25680', '11266.00', '25.70', 'Perspiciatis error blanditiis voluptatum.', '2019-11-21 04:39:33', '2019-11-21 04:39:33'),
(58, 35, 3, 5, 'Dolorem autem.', 'Corporis pariatur dicta facilis placeat quia. Libero dolorum alias doloribus consequatur architecto praesentium sint.', 'https://lorempixel.com/640/480/?19052', '12203.00', '36.30', 'Dolores et dignissimos aut.', '2019-11-21 04:39:33', '2019-11-21 04:39:33'),
(59, 4, 4, 21, 'Sunt exercitationem.', 'Occaecati quae ullam tenetur dolores cum. Molestiae temporibus nihil laborum est. Aut deleniti et velit ex recusandae et.', 'https://lorempixel.com/640/480/?56257', '13893.00', '16.90', 'Aliquid et dolores ex.', '2019-11-21 04:39:33', '2019-11-21 04:39:33'),
(60, 13, 4, 15, 'Earum voluptates qui.', 'Cum animi alias quia eos natus quod eveniet. Dolorum occaecati unde facere recusandae aliquid aut voluptas. Tenetur labore quae et totam quia aut.', 'https://lorempixel.com/640/480/?62191', '17951.00', '31.90', 'Quo voluptas est dolorem deserunt.', '2019-11-21 04:39:33', '2019-11-21 04:39:33'),
(61, 22, 1, 1, 'Ipsum eius.', 'Cumque voluptatem quia veritatis harum. Ut minus voluptatem cum ab voluptates voluptatibus. Aut est qui enim. Ad maxime amet soluta vel nam facere.', 'https://lorempixel.com/640/480/?34668', '11521.00', '35.40', 'Aut placeat facere.', '2019-11-21 04:39:33', '2019-11-21 04:39:33'),
(62, 40, 4, 7, 'Laudantium odio unde.', 'Eaque dignissimos recusandae aut. Error repellat voluptatum molestiae consectetur dolore. Optio reiciendis dicta ducimus nam tempora ea sit.', 'https://lorempixel.com/640/480/?62623', '12713.00', '25.50', 'Ut inventore saepe sunt.', '2019-11-21 04:39:33', '2019-11-21 04:39:33'),
(63, 29, 3, 7, 'Ratione unde et.', 'At nulla et eos ullam. Dignissimos et exercitationem dolorem suscipit consequatur. Ipsa aut deleniti ipsa occaecati autem et officia.', 'https://lorempixel.com/640/480/?51257', '18277.00', '34.40', 'Nemo nostrum.', '2019-11-21 04:39:33', '2019-11-21 04:39:33'),
(64, 27, 3, 15, 'Ullam illo aut.', 'Quae accusamus repellat quidem natus. Fuga laborum et quia voluptatem est perspiciatis. Quae illo voluptate dolor. Rem ut est id qui et quaerat.', 'https://lorempixel.com/640/480/?78003', '13759.00', '37.20', 'Repudiandae sed et vel.', '2019-11-21 04:39:33', '2019-11-21 04:39:33'),
(65, 12, 3, 22, 'Molestiae nisi.', 'Corporis doloribus minus rerum dolor. Voluptatibus in impedit iusto est autem cumque totam. Animi ipsa quia ex inventore occaecati omnis possimus.', 'https://lorempixel.com/640/480/?85076', '11005.00', '25.40', 'Ut aspernatur dignissimos.', '2019-11-21 04:39:33', '2019-11-21 04:39:33'),
(66, 16, 1, 23, 'Rerum id sit.', 'Fuga maiores qui dolores distinctio. Culpa officia illum suscipit unde fugit. Magnam ut reprehenderit ab. Tenetur sed rem hic ea quia totam harum.', 'https://lorempixel.com/640/480/?18152', '14662.00', '28.60', 'Facere id nesciunt quibusdam.', '2019-11-21 04:39:33', '2019-11-21 04:39:33'),
(67, 2, 3, 23, 'Hic quod perferendis.', 'Est et ut hic blanditiis. Voluptates quo perspiciatis est omnis minus et. Iure architecto aut ea et ducimus. Rerum numquam est a non soluta et quo.', 'https://lorempixel.com/640/480/?92251', '16077.00', '33.10', 'Consequatur nihil facilis quam.', '2019-11-21 04:39:34', '2019-11-21 04:39:34'),
(68, 40, 2, 8, 'Voluptatem accusamus atque.', 'Magni enim nisi eos velit et nesciunt. Illo voluptatum ea molestiae. Perferendis velit repellendus aut ducimus nobis et quibusdam.', 'https://lorempixel.com/640/480/?26645', '15132.00', '23.30', 'Minus nesciunt doloremque aut odit.', '2019-11-21 04:39:34', '2019-11-21 04:39:34'),
(69, 35, 4, 7, 'Unde ad molestiae.', 'Fuga quos iste illum. Omnis odit nihil aliquam magnam recusandae ea. Est quam quidem occaecati labore occaecati consectetur.', 'https://lorempixel.com/640/480/?29046', '18072.00', '29.80', 'Quis suscipit corporis.', '2019-11-21 04:39:34', '2019-11-21 04:39:34'),
(70, 19, 2, 22, 'Soluta voluptas.', 'Et labore illo consequatur pariatur molestiae quia veritatis. Vel quam quidem laborum eos voluptas. Nihil totam cum architecto aliquam.', 'https://lorempixel.com/640/480/?60558', '13094.00', '21.30', 'Facere et doloremque.', '2019-11-21 04:39:34', '2019-11-21 04:39:34'),
(71, 1, 3, 21, 'Ut quos.', 'Pariatur eos iusto amet possimus cumque. Voluptate eos unde ipsum autem eum qui. Sint dolor dignissimos sunt et architecto repudiandae.', 'https://lorempixel.com/640/480/?79986', '15718.00', '26.10', 'Aut quo voluptatem harum.', '2019-11-21 04:39:34', '2019-11-21 04:39:34'),
(72, 10, 1, 15, 'Quaerat magni aut.', 'Et quisquam inventore sequi inventore. Doloribus et commodi tempora libero in. Accusamus et et dolore.', 'https://lorempixel.com/640/480/?97391', '16780.00', '29.10', 'Quia et.', '2019-11-21 04:39:34', '2019-11-21 04:39:34'),
(73, 10, 1, 13, 'Consequuntur vel aut.', 'Accusamus autem at illo in atque. Dolores sit soluta sunt aliquam illum dolorum ea ut. Laborum dolore dicta iusto illum laborum et.', 'https://lorempixel.com/640/480/?95872', '17957.00', '28.20', 'Ut magnam quo est.', '2019-11-21 04:39:34', '2019-11-21 04:39:34'),
(74, 35, 2, 21, 'Rem sed sequi.', 'Animi esse libero accusantium voluptatem repellendus ipsum. Et ea sapiente quae et totam tenetur.', 'https://lorempixel.com/640/480/?88221', '15820.00', '33.90', 'Accusantium vero quis assumenda.', '2019-11-21 04:39:34', '2019-11-21 04:39:34'),
(75, 23, 2, 4, 'Accusamus ut.', 'In qui sed minus sint amet minima similique. Dolorem explicabo architecto mollitia facere sed. Aliquid eveniet numquam voluptas ipsum et deleniti.', 'https://lorempixel.com/640/480/?25763', '15648.00', '35.30', 'Veniam et ut.', '2019-11-21 04:39:34', '2019-11-21 04:39:34'),
(76, 35, 3, 13, 'Et voluptatem quas.', 'Iusto quaerat accusamus sit ullam quas quia earum. Magnam architecto et rerum ut fuga et. Hic enim quam consequatur consequuntur modi laborum.', 'https://lorempixel.com/640/480/?63926', '17315.00', '34.70', 'Tenetur perspiciatis ut.', '2019-11-21 04:39:34', '2019-11-21 04:39:34'),
(77, 39, 3, 21, 'Quo non.', 'Consequatur perferendis quas esse. Est molestias dolores unde quibusdam explicabo in non. Ex id quia et exercitationem quia quos eligendi.', 'https://lorempixel.com/640/480/?19895', '15639.00', '23.00', 'Rerum temporibus neque.', '2019-11-21 04:39:34', '2019-11-21 04:39:34'),
(78, 1, 3, 2, 'Sunt totam.', 'Facilis eaque autem voluptas ut et nobis. Itaque doloremque omnis et neque. Eligendi doloremque quisquam fugiat.', 'https://lorempixel.com/640/480/?28307', '13840.00', '27.40', 'Est veniam at.', '2019-11-21 04:39:34', '2019-11-21 04:39:34'),
(79, 16, 2, 18, 'Laboriosam et culpa.', 'Exercitationem quae est deleniti consequatur est. Error explicabo aut laudantium qui necessitatibus aut facilis. Mollitia est qui qui qui explicabo.', 'https://lorempixel.com/640/480/?13727', '17917.00', '20.30', 'Sit saepe corporis.', '2019-11-21 04:39:34', '2019-11-21 04:39:34'),
(80, 9, 2, 18, 'Minima enim.', 'Modi sequi sed aliquid perferendis sunt. Ducimus magni ut animi harum aliquam ex ut.', 'https://lorempixel.com/640/480/?46215', '19931.00', '23.80', 'Porro delectus voluptatibus.', '2019-11-21 04:39:34', '2019-11-21 04:39:34'),
(81, 35, 3, 6, 'Non nulla unde.', 'Iusto adipisci optio quidem sed aut voluptatem est. Quasi inventore incidunt amet cum aut adipisci doloribus.', 'https://lorempixel.com/640/480/?48747', '18496.00', '39.00', 'Cum rerum molestiae.', '2019-11-21 04:39:34', '2019-11-21 04:39:34'),
(82, 32, 2, 20, 'Exercitationem placeat aut.', 'Nulla vitae temporibus sapiente. Ut ex eum numquam aperiam deleniti et neque. Sint laudantium quia et expedita.', 'https://lorempixel.com/640/480/?36309', '13376.00', '34.80', 'Aut in est.', '2019-11-21 04:39:34', '2019-11-21 04:39:34'),
(83, 10, 2, 12, 'Qui eos sit.', 'Voluptatem officiis veniam amet sed. Nihil commodi sint expedita quidem iste iusto. Dolor suscipit ducimus ut ipsam architecto.', 'https://lorempixel.com/640/480/?40207', '19618.00', '22.60', 'Fuga ut reprehenderit.', '2019-11-21 04:39:34', '2019-11-21 04:39:34'),
(84, 13, 4, 12, 'Earum consequatur.', 'Dolor error iure harum consequatur et voluptate rem. Accusantium vel voluptas minima numquam. Eius temporibus qui iste aperiam.', 'https://lorempixel.com/640/480/?95035', '12864.00', '35.00', 'Mollitia at.', '2019-11-21 04:39:34', '2019-11-21 04:39:34'),
(85, 32, 4, 19, 'Et dolor ut.', 'Quidem possimus temporibus molestiae non. Quia eum at quos soluta nulla vel. Quidem atque ullam et corrupti mollitia. Ad ut eius similique ut a.', 'https://lorempixel.com/640/480/?87238', '17262.00', '30.40', 'Exercitationem libero.', '2019-11-21 04:39:35', '2019-11-21 04:39:35'),
(86, 39, 1, 4, 'Modi distinctio.', 'Molestiae aut qui eum molestiae aperiam. Sit perspiciatis officia voluptatem nobis possimus. Animi a quia et et. Eum sint libero illo tenetur ut ex.', 'https://lorempixel.com/640/480/?68663', '10023.00', '21.80', 'Quaerat repudiandae quo.', '2019-11-21 04:39:35', '2019-11-21 04:39:35'),
(87, 15, 1, 4, 'Veniam ratione nobis.', 'Fugiat alias nam nulla. Sapiente ipsa nisi placeat dolore rerum ut dolorem consequuntur.', 'https://lorempixel.com/640/480/?39084', '17800.00', '29.60', 'Voluptatum quaerat id.', '2019-11-21 04:39:35', '2019-11-21 04:39:35'),
(88, 21, 3, 24, 'Sed accusantium hic.', 'Quos ut dolores nulla est fugit ut. Rerum eius quia quaerat qui. Ut ut autem ratione tempora necessitatibus. Et et alias aut doloribus eos neque aut.', 'https://lorempixel.com/640/480/?75128', '18790.00', '39.10', 'Possimus sed in.', '2019-11-21 04:39:35', '2019-11-21 04:39:35'),
(89, 8, 2, 18, 'Incidunt voluptates.', 'Tempore sequi harum optio consequatur sunt voluptatum. Id est quia soluta aut qui. Praesentium similique inventore ipsam repudiandae et nobis.', 'https://lorempixel.com/640/480/?62304', '15833.00', '25.50', 'Similique et omnis asperiores.', '2019-11-21 04:39:35', '2019-11-21 04:39:35'),
(90, 23, 4, 5, 'Atque omnis.', 'Sed qui ut consequuntur. Et quibusdam est consequatur ea ea corporis voluptas atque. Fugiat possimus provident est. Odit aut a aliquid.', 'https://lorempixel.com/640/480/?20986', '16923.00', '21.70', 'Eos voluptatem voluptatem occaecati id.', '2019-11-21 04:39:35', '2019-11-21 04:39:35'),
(91, 11, 4, 21, 'Quo voluptatem adipisci.', 'Corporis voluptatum eos nam. Itaque blanditiis autem reiciendis sunt aut alias minus.', 'https://lorempixel.com/640/480/?54672', '16338.00', '33.60', 'Necessitatibus pariatur sunt.', '2019-11-21 04:39:35', '2019-11-21 04:39:35'),
(92, 20, 2, 20, 'Et facere sunt.', 'Corrupti recusandae temporibus totam qui consectetur amet. Aspernatur omnis et quam totam libero. In id quia at corporis tenetur sit fugiat.', 'https://lorempixel.com/640/480/?97854', '11919.00', '28.80', 'Quibusdam praesentium dignissimos.', '2019-11-21 04:39:35', '2019-11-21 04:39:35'),
(93, 39, 4, 14, 'Est explicabo perspiciatis.', 'Quae tenetur in distinctio facilis. Consequatur exercitationem quia culpa nihil.', 'https://lorempixel.com/640/480/?31590', '15878.00', '31.60', 'Atque culpa nam rerum.', '2019-11-21 04:39:35', '2019-11-21 04:39:35'),
(94, 27, 4, 9, 'Molestiae molestias eveniet.', 'Quos ea consequatur magnam. Veritatis ut sit amet quis. Dignissimos qui quo ullam. Impedit molestias et excepturi velit libero quam rerum.', 'https://lorempixel.com/640/480/?78007', '16900.00', '17.50', 'Eum qui aut quae in.', '2019-11-21 04:39:35', '2019-11-21 04:39:35'),
(95, 37, 3, 2, 'Ea nobis quaerat.', 'Ut vitae veritatis aliquid et animi et. Illum labore id nisi eius in. Et eius ad ratione et ut. Voluptas est culpa quidem omnis facere eum.', 'https://lorempixel.com/640/480/?12848', '10858.00', '34.60', 'Et eveniet dicta amet.', '2019-11-21 04:39:35', '2019-11-21 04:39:35'),
(96, 22, 4, 5, 'Aut quo pariatur.', 'Et fugiat iusto doloribus amet eos. Consequatur maiores optio iure. Omnis perferendis aliquid nesciunt sunt.', 'https://lorempixel.com/640/480/?71676', '12081.00', '32.40', 'Est quod voluptatem perferendis corporis.', '2019-11-21 04:39:35', '2019-11-21 04:39:35'),
(97, 40, 3, 16, 'Quis explicabo.', 'Sequi delectus veniam distinctio. Quisquam dolores rerum est minus quo beatae. Laboriosam tempora dolores cupiditate soluta ut.', 'https://lorempixel.com/640/480/?22272', '13786.00', '31.10', 'Dolores itaque fugiat nam.', '2019-11-21 04:39:35', '2019-11-21 04:39:35'),
(98, 6, 2, 7, 'Placeat non et.', 'Distinctio aut qui quia eligendi. Culpa quidem consequatur ut rerum vitae.', 'https://lorempixel.com/640/480/?30217', '18361.00', '39.10', 'Unde in saepe.', '2019-11-21 04:39:35', '2019-11-21 04:39:35'),
(99, 6, 3, 20, 'Vel qui.', 'Quo harum dolores nisi ut ipsam distinctio fugiat. Ipsum tenetur quia voluptas odit qui.', 'https://lorempixel.com/640/480/?21460', '14401.00', '37.50', 'Consequatur omnis ipsam et.', '2019-11-21 04:39:35', '2019-11-21 04:39:35'),
(100, 9, 2, 10, 'Delectus neque.', 'Officiis voluptas in quod voluptatem rerum. Laudantium eos corrupti itaque praesentium. Sed iusto officiis deleniti ut fugit praesentium.', 'https://lorempixel.com/640/480/?97237', '12527.00', '36.80', 'Explicabo veniam tempore tenetur.', '2019-11-21 04:39:35', '2019-11-21 04:39:35');

-- --------------------------------------------------------

--
-- Cấu trúc bảng cho bảng `users`
--

CREATE TABLE `users` (
  `id` bigint(20) UNSIGNED NOT NULL,
  `email` varchar(255) COLLATE utf8mb4_unicode_ci NOT NULL,
  `role` tinyint(1) NOT NULL DEFAULT 0,
  `status` tinyint(1) NOT NULL DEFAULT 1,
  `email_verified_at` timestamp NULL DEFAULT NULL,
  `password` varchar(255) COLLATE utf8mb4_unicode_ci NOT NULL,
  `remember_token` varchar(100) COLLATE utf8mb4_unicode_ci DEFAULT NULL,
  `created_at` timestamp NULL DEFAULT NULL,
  `updated_at` timestamp NULL DEFAULT NULL
) ENGINE=InnoDB DEFAULT CHARSET=utf8mb4 COLLATE=utf8mb4_unicode_ci;

--
-- Đang đổ dữ liệu cho bảng `users`
--

INSERT INTO `users` (`id`, `email`, `role`, `status`, `email_verified_at`, `password`, `remember_token`, `created_at`, `updated_at`) VALUES
(1, 'reilly.forrest@example.com', 0, 1, '2019-11-21 02:46:04', '$2y$10$92IXUNpkjO0rOQ5byMi.Ye4oKoEa3Ro9llC/.og/at2.uheWG/igi', 'hIZeK1J01K', '2019-11-21 02:46:04', '2019-11-21 02:46:04'),
(2, 'moen.desmond@example.org', 0, 1, '2019-11-21 02:46:04', '$2y$10$92IXUNpkjO0rOQ5byMi.Ye4oKoEa3Ro9llC/.og/at2.uheWG/igi', 'BRt0O3eenc', '2019-11-21 02:46:05', '2019-11-21 02:46:05'),
(3, 'wrath@example.org', 0, 1, '2019-11-21 02:46:04', '$2y$10$92IXUNpkjO0rOQ5byMi.Ye4oKoEa3Ro9llC/.og/at2.uheWG/igi', 'ZHtRqjqMyA', '2019-11-21 02:46:05', '2019-11-21 02:46:05'),
(4, 'dhansen@example.com', 0, 1, '2019-11-21 02:46:04', '$2y$10$92IXUNpkjO0rOQ5byMi.Ye4oKoEa3Ro9llC/.og/at2.uheWG/igi', 'bjGv87bx4V', '2019-11-21 02:46:05', '2019-11-21 02:46:05'),
(5, 'brandi.west@example.org', 0, 1, '2019-11-21 02:46:04', '$2y$10$92IXUNpkjO0rOQ5byMi.Ye4oKoEa3Ro9llC/.og/at2.uheWG/igi', 'BOpnuoJSCp', '2019-11-21 02:46:05', '2019-11-21 02:46:05'),
(6, 'allie.murazik@example.org', 0, 1, '2019-11-21 02:46:04', '$2y$10$92IXUNpkjO0rOQ5byMi.Ye4oKoEa3Ro9llC/.og/at2.uheWG/igi', 'eiuotHywcd', '2019-11-21 02:46:05', '2019-11-21 02:46:05'),
(7, 'brakus.jaida@example.org', 0, 1, '2019-11-21 02:46:04', '$2y$10$92IXUNpkjO0rOQ5byMi.Ye4oKoEa3Ro9llC/.og/at2.uheWG/igi', 'LPQdAhiHdh', '2019-11-21 02:46:05', '2019-11-21 02:46:05'),
(8, 'oparisian@example.org', 0, 1, '2019-11-21 02:46:04', '$2y$10$92IXUNpkjO0rOQ5byMi.Ye4oKoEa3Ro9llC/.og/at2.uheWG/igi', '80ovYwPN01', '2019-11-21 02:46:05', '2019-11-21 02:46:05'),
(9, 'claudie60@example.net', 0, 1, '2019-11-21 02:46:04', '$2y$10$92IXUNpkjO0rOQ5byMi.Ye4oKoEa3Ro9llC/.og/at2.uheWG/igi', 'CGMdm8EONR', '2019-11-21 02:46:05', '2019-11-21 02:46:05'),
(10, 'hammes.simone@example.org', 0, 1, '2019-11-21 02:46:04', '$2y$10$92IXUNpkjO0rOQ5byMi.Ye4oKoEa3Ro9llC/.og/at2.uheWG/igi', 'W9Sisppezs', '2019-11-21 02:46:05', '2019-11-21 02:46:05'),
(11, 'gadams@example.com', 0, 1, '2019-11-21 02:46:04', '$2y$10$92IXUNpkjO0rOQ5byMi.Ye4oKoEa3Ro9llC/.og/at2.uheWG/igi', 'NLRXWaeOCV', '2019-11-21 02:46:05', '2019-11-21 02:46:05'),
(12, 'alexanne.greenholt@example.com', 0, 1, '2019-11-21 02:46:04', '$2y$10$92IXUNpkjO0rOQ5byMi.Ye4oKoEa3Ro9llC/.og/at2.uheWG/igi', 'MxaTAvVLfb', '2019-11-21 02:46:05', '2019-11-21 02:46:05'),
(13, 'shaylee56@example.net', 0, 1, '2019-11-21 02:46:04', '$2y$10$92IXUNpkjO0rOQ5byMi.Ye4oKoEa3Ro9llC/.og/at2.uheWG/igi', 'jNtEs80AEb', '2019-11-21 02:46:05', '2019-11-21 02:46:05'),
(14, 'gibson.nestor@example.net', 0, 1, '2019-11-21 02:46:04', '$2y$10$92IXUNpkjO0rOQ5byMi.Ye4oKoEa3Ro9llC/.og/at2.uheWG/igi', 'nqda1FJJCw', '2019-11-21 02:46:05', '2019-11-21 02:46:05'),
(15, 'raynor.kariane@example.net', 0, 1, '2019-11-21 02:46:04', '$2y$10$92IXUNpkjO0rOQ5byMi.Ye4oKoEa3Ro9llC/.og/at2.uheWG/igi', 'EqtKQZp0Hf', '2019-11-21 02:46:05', '2019-11-21 02:46:05'),
(16, 'blick.palma@example.org', 0, 1, '2019-11-21 02:46:04', '$2y$10$92IXUNpkjO0rOQ5byMi.Ye4oKoEa3Ro9llC/.og/at2.uheWG/igi', 'X3837CoWI3', '2019-11-21 02:46:05', '2019-11-21 02:46:05'),
(17, 'theodore10@example.net', 0, 1, '2019-11-21 02:46:04', '$2y$10$92IXUNpkjO0rOQ5byMi.Ye4oKoEa3Ro9llC/.og/at2.uheWG/igi', 'wqokcgwTv9', '2019-11-21 02:46:05', '2019-11-21 02:46:05'),
(18, 'leland01@example.net', 0, 1, '2019-11-21 02:46:04', '$2y$10$92IXUNpkjO0rOQ5byMi.Ye4oKoEa3Ro9llC/.og/at2.uheWG/igi', 'KCgSKI96fP', '2019-11-21 02:46:05', '2019-11-21 02:46:05'),
(19, 'dedrick86@example.net', 0, 1, '2019-11-21 02:46:04', '$2y$10$92IXUNpkjO0rOQ5byMi.Ye4oKoEa3Ro9llC/.og/at2.uheWG/igi', 'hKRbgOTUUD', '2019-11-21 02:46:06', '2019-11-21 02:46:06'),
(20, 'lillie72@example.com', 0, 1, '2019-11-21 02:46:04', '$2y$10$92IXUNpkjO0rOQ5byMi.Ye4oKoEa3Ro9llC/.og/at2.uheWG/igi', 'BsG1jmwMMz', '2019-11-21 02:46:06', '2019-11-21 02:46:06'),
(21, 'schmitt.jeramie@example.net', 0, 1, '2019-11-21 02:46:04', '$2y$10$92IXUNpkjO0rOQ5byMi.Ye4oKoEa3Ro9llC/.og/at2.uheWG/igi', 'thDRjtpA08', '2019-11-21 02:46:06', '2019-11-21 02:46:06'),
(22, 'herman.ulices@example.org', 0, 1, '2019-11-21 02:46:04', '$2y$10$92IXUNpkjO0rOQ5byMi.Ye4oKoEa3Ro9llC/.og/at2.uheWG/igi', 'xbnrtInD3y', '2019-11-21 02:46:06', '2019-11-21 02:46:06'),
(23, 'vsimonis@example.org', 0, 1, '2019-11-21 02:46:04', '$2y$10$92IXUNpkjO0rOQ5byMi.Ye4oKoEa3Ro9llC/.og/at2.uheWG/igi', 'XkGEQnC0yE', '2019-11-21 02:46:06', '2019-11-21 02:46:06'),
(24, 'skuhn@example.com', 0, 1, '2019-11-21 02:46:04', '$2y$10$92IXUNpkjO0rOQ5byMi.Ye4oKoEa3Ro9llC/.og/at2.uheWG/igi', 'X4CwRY61J4', '2019-11-21 02:46:06', '2019-11-21 02:46:06'),
(25, 'noemy.dare@example.net', 0, 1, '2019-11-21 02:46:04', '$2y$10$92IXUNpkjO0rOQ5byMi.Ye4oKoEa3Ro9llC/.og/at2.uheWG/igi', 'Osa9JF9Dgn', '2019-11-21 02:46:06', '2019-11-21 02:46:06'),
(26, 'rebeca56@example.org', 0, 1, '2019-11-21 02:46:04', '$2y$10$92IXUNpkjO0rOQ5byMi.Ye4oKoEa3Ro9llC/.og/at2.uheWG/igi', 'cPDXru69x1', '2019-11-21 02:46:06', '2019-11-21 02:46:06'),
(27, 'laverna12@example.com', 0, 1, '2019-11-21 02:46:04', '$2y$10$92IXUNpkjO0rOQ5byMi.Ye4oKoEa3Ro9llC/.og/at2.uheWG/igi', 'Mbgq7GBUIv', '2019-11-21 02:46:06', '2019-11-21 02:46:06'),
(28, 'parker.augustus@example.com', 0, 1, '2019-11-21 02:46:04', '$2y$10$92IXUNpkjO0rOQ5byMi.Ye4oKoEa3Ro9llC/.og/at2.uheWG/igi', 'n0Ne4lmmer', '2019-11-21 02:46:06', '2019-11-21 02:46:06'),
(29, 'simonis.webster@example.com', 0, 1, '2019-11-21 02:46:04', '$2y$10$92IXUNpkjO0rOQ5byMi.Ye4oKoEa3Ro9llC/.og/at2.uheWG/igi', 'bBlG9rXGjC', '2019-11-21 02:46:06', '2019-11-21 02:46:06'),
(30, 'jluettgen@example.org', 0, 1, '2019-11-21 02:46:04', '$2y$10$92IXUNpkjO0rOQ5byMi.Ye4oKoEa3Ro9llC/.og/at2.uheWG/igi', 'icXjrzSL4q', '2019-11-21 02:46:06', '2019-11-21 02:46:06'),
(31, 'wheidenreich@example.net', 0, 1, '2019-11-21 02:48:13', '$2y$10$92IXUNpkjO0rOQ5byMi.Ye4oKoEa3Ro9llC/.og/at2.uheWG/igi', 'pzwuwBNxDG', '2019-11-21 02:48:13', '2019-11-21 02:48:13'),
(32, 'jeanne43@example.net', 0, 1, '2019-11-21 02:48:13', '$2y$10$92IXUNpkjO0rOQ5byMi.Ye4oKoEa3Ro9llC/.og/at2.uheWG/igi', 'Qzqa2FgGNv', '2019-11-21 02:48:13', '2019-11-21 02:48:13'),
(33, 'donnie58@example.net', 0, 1, '2019-11-21 02:48:13', '$2y$10$92IXUNpkjO0rOQ5byMi.Ye4oKoEa3Ro9llC/.og/at2.uheWG/igi', 'HoMRHYxIy1', '2019-11-21 02:48:13', '2019-11-21 02:48:13'),
(34, 'celestine12@example.org', 0, 1, '2019-11-21 02:48:13', '$2y$10$92IXUNpkjO0rOQ5byMi.Ye4oKoEa3Ro9llC/.og/at2.uheWG/igi', 'JLzoaLCUoM', '2019-11-21 02:48:13', '2019-11-21 02:48:13'),
(35, 'aliza.tromp@example.com', 0, 1, '2019-11-21 02:48:13', '$2y$10$92IXUNpkjO0rOQ5byMi.Ye4oKoEa3Ro9llC/.og/at2.uheWG/igi', 'gaEdHE6jjV', '2019-11-21 02:48:13', '2019-11-21 02:48:13'),
(36, 'garland03@example.com', 0, 1, '2019-11-21 02:48:13', '$2y$10$92IXUNpkjO0rOQ5byMi.Ye4oKoEa3Ro9llC/.og/at2.uheWG/igi', 'qZgfe5E8f4', '2019-11-21 02:48:13', '2019-11-21 02:48:13'),
(37, 'rohan.simone@example.net', 0, 1, '2019-11-21 02:48:13', '$2y$10$92IXUNpkjO0rOQ5byMi.Ye4oKoEa3Ro9llC/.og/at2.uheWG/igi', 'sIZV41LG2L', '2019-11-21 02:48:13', '2019-11-21 02:48:13'),
(38, 'bernardo84@example.net', 0, 1, '2019-11-21 02:48:13', '$2y$10$92IXUNpkjO0rOQ5byMi.Ye4oKoEa3Ro9llC/.og/at2.uheWG/igi', 'WB55F45R01', '2019-11-21 02:48:13', '2019-11-21 02:48:13'),
(39, 'lrussel@example.org', 0, 1, '2019-11-21 02:48:13', '$2y$10$92IXUNpkjO0rOQ5byMi.Ye4oKoEa3Ro9llC/.og/at2.uheWG/igi', 'LUXyv7YKI6', '2019-11-21 02:48:13', '2019-11-21 02:48:13'),
(40, 'alvina13@example.org', 0, 1, '2019-11-21 02:48:13', '$2y$10$92IXUNpkjO0rOQ5byMi.Ye4oKoEa3Ro9llC/.og/at2.uheWG/igi', 'Hh4lewNUdu', '2019-11-21 02:48:13', '2019-11-21 02:48:13'),
(41, 'lubowitz.coby@example.net', 0, 1, '2019-11-21 02:48:13', '$2y$10$92IXUNpkjO0rOQ5byMi.Ye4oKoEa3Ro9llC/.og/at2.uheWG/igi', 'tK6lGB0Ymk', '2019-11-21 02:48:13', '2019-11-21 02:48:13'),
(42, 'lora49@example.org', 0, 1, '2019-11-21 02:48:13', '$2y$10$92IXUNpkjO0rOQ5byMi.Ye4oKoEa3Ro9llC/.og/at2.uheWG/igi', 'SH3v6B6NUZ', '2019-11-21 02:48:14', '2019-11-21 02:48:14'),
(43, 'gilda18@example.com', 0, 1, '2019-11-21 02:48:13', '$2y$10$92IXUNpkjO0rOQ5byMi.Ye4oKoEa3Ro9llC/.og/at2.uheWG/igi', 'dFjjpWJ2d8', '2019-11-21 02:48:14', '2019-11-21 02:48:14'),
(44, 'imurray@example.com', 0, 1, '2019-11-21 02:48:13', '$2y$10$92IXUNpkjO0rOQ5byMi.Ye4oKoEa3Ro9llC/.og/at2.uheWG/igi', 'Xc42sjIluK', '2019-11-21 02:48:14', '2019-11-21 02:48:14'),
(45, 'ana.jast@example.net', 0, 1, '2019-11-21 02:48:13', '$2y$10$92IXUNpkjO0rOQ5byMi.Ye4oKoEa3Ro9llC/.og/at2.uheWG/igi', '4Cd8HhjJSw', '2019-11-21 02:48:14', '2019-11-21 02:48:14'),
(46, 'njakubowski@example.net', 0, 1, '2019-11-21 02:48:13', '$2y$10$92IXUNpkjO0rOQ5byMi.Ye4oKoEa3Ro9llC/.og/at2.uheWG/igi', 'P7dUGeVh5i', '2019-11-21 02:48:14', '2019-11-21 02:48:14'),
(47, 'nbednar@example.net', 0, 1, '2019-11-21 02:48:13', '$2y$10$92IXUNpkjO0rOQ5byMi.Ye4oKoEa3Ro9llC/.og/at2.uheWG/igi', 'TFSiS7PAVH', '2019-11-21 02:48:14', '2019-11-21 02:48:14'),
(48, 'ruby.balistreri@example.net', 0, 1, '2019-11-21 02:48:13', '$2y$10$92IXUNpkjO0rOQ5byMi.Ye4oKoEa3Ro9llC/.og/at2.uheWG/igi', 'ChuI2xbziL', '2019-11-21 02:48:14', '2019-11-21 02:48:14'),
(49, 'halvorson.bell@example.com', 0, 1, '2019-11-21 02:48:13', '$2y$10$92IXUNpkjO0rOQ5byMi.Ye4oKoEa3Ro9llC/.og/at2.uheWG/igi', '7uIY4XRisb', '2019-11-21 02:48:14', '2019-11-21 02:48:14'),
(50, 'tevin57@example.org', 0, 1, '2019-11-21 02:48:13', '$2y$10$92IXUNpkjO0rOQ5byMi.Ye4oKoEa3Ro9llC/.og/at2.uheWG/igi', 'PgLKIZkqJ4', '2019-11-21 02:48:14', '2019-11-21 02:48:14'),
(51, 'tjohnston@example.com', 0, 1, '2019-11-21 02:48:13', '$2y$10$92IXUNpkjO0rOQ5byMi.Ye4oKoEa3Ro9llC/.og/at2.uheWG/igi', 'WqCKNAphFL', '2019-11-21 02:48:14', '2019-11-21 02:48:14'),
(52, 'garrison.runolfsson@example.net', 0, 1, '2019-11-21 02:48:13', '$2y$10$92IXUNpkjO0rOQ5byMi.Ye4oKoEa3Ro9llC/.og/at2.uheWG/igi', 'N9HwiCpju7', '2019-11-21 02:48:14', '2019-11-21 02:48:14'),
(53, 'cordell.goodwin@example.org', 0, 1, '2019-11-21 02:48:13', '$2y$10$92IXUNpkjO0rOQ5byMi.Ye4oKoEa3Ro9llC/.og/at2.uheWG/igi', 'jSLDOyxv0C', '2019-11-21 02:48:14', '2019-11-21 02:48:14'),
(54, 'ritchie.bartholome@example.com', 0, 1, '2019-11-21 02:48:13', '$2y$10$92IXUNpkjO0rOQ5byMi.Ye4oKoEa3Ro9llC/.og/at2.uheWG/igi', 'EOQr4JP5Kf', '2019-11-21 02:48:14', '2019-11-21 02:48:14'),
(55, 'clotilde56@example.com', 0, 1, '2019-11-21 02:48:13', '$2y$10$92IXUNpkjO0rOQ5byMi.Ye4oKoEa3Ro9llC/.og/at2.uheWG/igi', 'VfhD106Lnh', '2019-11-21 02:48:14', '2019-11-21 02:48:14'),
(56, 'qoberbrunner@example.net', 0, 1, '2019-11-21 02:48:13', '$2y$10$92IXUNpkjO0rOQ5byMi.Ye4oKoEa3Ro9llC/.og/at2.uheWG/igi', 'iRrh5T6ftb', '2019-11-21 02:48:14', '2019-11-21 02:48:14'),
(57, 'jaskolski.cathy@example.org', 0, 1, '2019-11-21 02:48:13', '$2y$10$92IXUNpkjO0rOQ5byMi.Ye4oKoEa3Ro9llC/.og/at2.uheWG/igi', 'wjDuWMl5ZY', '2019-11-21 02:48:14', '2019-11-21 02:48:14'),
(58, 'ryann30@example.net', 0, 1, '2019-11-21 02:48:13', '$2y$10$92IXUNpkjO0rOQ5byMi.Ye4oKoEa3Ro9llC/.og/at2.uheWG/igi', 'Izaju215vu', '2019-11-21 02:48:14', '2019-11-21 02:48:14'),
(59, 'monahan.lauriane@example.net', 0, 1, '2019-11-21 02:48:13', '$2y$10$92IXUNpkjO0rOQ5byMi.Ye4oKoEa3Ro9llC/.og/at2.uheWG/igi', 'P6mTtpVbUh', '2019-11-21 02:48:15', '2019-11-21 02:48:15'),
(60, 'kortiz@example.com', 0, 1, '2019-11-21 02:48:13', '$2y$10$92IXUNpkjO0rOQ5byMi.Ye4oKoEa3Ro9llC/.og/at2.uheWG/igi', 'QC9b47vnn9', '2019-11-21 02:48:15', '2019-11-21 02:48:15'),
(61, 'rodriguez.ernesto@example.com', 0, 1, '2019-11-21 02:49:05', '$2y$10$92IXUNpkjO0rOQ5byMi.Ye4oKoEa3Ro9llC/.og/at2.uheWG/igi', 'jRQkZooe57', '2019-11-21 02:49:05', '2019-11-21 02:49:05'),
(62, 'wklein@example.net', 0, 1, '2019-11-21 02:49:05', '$2y$10$92IXUNpkjO0rOQ5byMi.Ye4oKoEa3Ro9llC/.og/at2.uheWG/igi', '06D8xbVPS4', '2019-11-21 02:49:05', '2019-11-21 02:49:05'),
(63, 'shanahan.kamryn@example.com', 0, 1, '2019-11-21 02:49:05', '$2y$10$92IXUNpkjO0rOQ5byMi.Ye4oKoEa3Ro9llC/.og/at2.uheWG/igi', 'dDN7WznjtF', '2019-11-21 02:49:05', '2019-11-21 02:49:05'),
(64, 'xwolff@example.com', 0, 1, '2019-11-21 02:49:27', '$2y$10$92IXUNpkjO0rOQ5byMi.Ye4oKoEa3Ro9llC/.og/at2.uheWG/igi', 'Rosewk7b0Q', '2019-11-21 02:49:27', '2019-11-21 02:49:27'),
(65, 'huels.marianne@example.net', 0, 1, '2019-11-21 02:49:27', '$2y$10$92IXUNpkjO0rOQ5byMi.Ye4oKoEa3Ro9llC/.og/at2.uheWG/igi', 'uVRLX0jLhX', '2019-11-21 02:49:27', '2019-11-21 02:49:27'),
(66, 'skautzer@example.org', 0, 1, '2019-11-21 02:49:27', '$2y$10$92IXUNpkjO0rOQ5byMi.Ye4oKoEa3Ro9llC/.og/at2.uheWG/igi', 'GTBHtORi4E', '2019-11-21 02:49:27', '2019-11-21 02:49:27'),
(67, 'akrajcik@example.net', 0, 1, '2019-11-21 02:49:27', '$2y$10$92IXUNpkjO0rOQ5byMi.Ye4oKoEa3Ro9llC/.og/at2.uheWG/igi', '6da0XwJsuM', '2019-11-21 02:49:27', '2019-11-21 02:49:27'),
(68, 'ryan.ashlee@example.org', 0, 1, '2019-11-21 02:49:27', '$2y$10$92IXUNpkjO0rOQ5byMi.Ye4oKoEa3Ro9llC/.og/at2.uheWG/igi', 'IP2fHoW9hg', '2019-11-21 02:49:27', '2019-11-21 02:49:27'),
(69, 'klocko.maryse@example.com', 0, 1, '2019-11-21 02:49:27', '$2y$10$92IXUNpkjO0rOQ5byMi.Ye4oKoEa3Ro9llC/.og/at2.uheWG/igi', 'Gh1JEuCmSk', '2019-11-21 02:49:27', '2019-11-21 02:49:27'),
(70, 'santino.ward@example.org', 0, 1, '2019-11-21 02:49:27', '$2y$10$92IXUNpkjO0rOQ5byMi.Ye4oKoEa3Ro9llC/.og/at2.uheWG/igi', 'foM7Eex79i', '2019-11-21 02:49:28', '2019-11-21 02:49:28'),
(71, 'maritza28@example.net', 0, 1, '2019-11-21 02:49:27', '$2y$10$92IXUNpkjO0rOQ5byMi.Ye4oKoEa3Ro9llC/.og/at2.uheWG/igi', 'y4HvrXJO8q', '2019-11-21 02:49:28', '2019-11-21 02:49:28'),
(72, 'ktreutel@example.net', 0, 1, '2019-11-21 02:49:27', '$2y$10$92IXUNpkjO0rOQ5byMi.Ye4oKoEa3Ro9llC/.og/at2.uheWG/igi', 'QNRnWLcknV', '2019-11-21 02:49:28', '2019-11-21 02:49:28'),
(73, 'connor22@example.org', 0, 1, '2019-11-21 02:49:27', '$2y$10$92IXUNpkjO0rOQ5byMi.Ye4oKoEa3Ro9llC/.og/at2.uheWG/igi', 'LuuMvckCvA', '2019-11-21 02:49:28', '2019-11-21 02:49:28'),
(74, 'aherman@example.org', 0, 1, '2019-11-21 02:49:27', '$2y$10$92IXUNpkjO0rOQ5byMi.Ye4oKoEa3Ro9llC/.og/at2.uheWG/igi', 'olJZS2WnlN', '2019-11-21 02:49:28', '2019-11-21 02:49:28'),
(75, 'marcel71@example.org', 0, 1, '2019-11-21 02:49:27', '$2y$10$92IXUNpkjO0rOQ5byMi.Ye4oKoEa3Ro9llC/.og/at2.uheWG/igi', 'x7PZFYE6kH', '2019-11-21 02:49:28', '2019-11-21 02:49:28'),
(76, 'gerda.okuneva@example.net', 0, 1, '2019-11-21 02:49:27', '$2y$10$92IXUNpkjO0rOQ5byMi.Ye4oKoEa3Ro9llC/.og/at2.uheWG/igi', 'WcvPHP2G8S', '2019-11-21 02:49:28', '2019-11-21 02:49:28'),
(77, 'baylee47@example.net', 0, 1, '2019-11-21 02:49:27', '$2y$10$92IXUNpkjO0rOQ5byMi.Ye4oKoEa3Ro9llC/.og/at2.uheWG/igi', 'QkiKi8ihBX', '2019-11-21 02:49:28', '2019-11-21 02:49:28'),
(78, 'orpha.lubowitz@example.org', 0, 1, '2019-11-21 02:49:27', '$2y$10$92IXUNpkjO0rOQ5byMi.Ye4oKoEa3Ro9llC/.og/at2.uheWG/igi', 'qgWTWjd6Na', '2019-11-21 02:49:28', '2019-11-21 02:49:28'),
(79, 'oskiles@example.org', 0, 1, '2019-11-21 02:49:27', '$2y$10$92IXUNpkjO0rOQ5byMi.Ye4oKoEa3Ro9llC/.og/at2.uheWG/igi', 'QBTO9dS5Wz', '2019-11-21 02:49:28', '2019-11-21 02:49:28'),
(80, 'arvel20@example.org', 0, 1, '2019-11-21 02:49:27', '$2y$10$92IXUNpkjO0rOQ5byMi.Ye4oKoEa3Ro9llC/.og/at2.uheWG/igi', '3Lzze7tWgP', '2019-11-21 02:49:28', '2019-11-21 02:49:28'),
(81, 'considine.bettye@example.net', 0, 1, '2019-11-21 02:49:27', '$2y$10$92IXUNpkjO0rOQ5byMi.Ye4oKoEa3Ro9llC/.og/at2.uheWG/igi', 'vEmsooDrFj', '2019-11-21 02:49:28', '2019-11-21 02:49:28'),
(82, 'nhauck@example.org', 0, 1, '2019-11-21 02:49:27', '$2y$10$92IXUNpkjO0rOQ5byMi.Ye4oKoEa3Ro9llC/.og/at2.uheWG/igi', 'sSMnL4KanM', '2019-11-21 02:49:29', '2019-11-21 02:49:29'),
(83, 'macie.abshire@example.com', 0, 1, '2019-11-21 02:49:27', '$2y$10$92IXUNpkjO0rOQ5byMi.Ye4oKoEa3Ro9llC/.og/at2.uheWG/igi', 'kc48rEScrR', '2019-11-21 02:49:29', '2019-11-21 02:49:29'),
(84, 'murray.nat@example.com', 0, 1, '2019-11-21 02:49:27', '$2y$10$92IXUNpkjO0rOQ5byMi.Ye4oKoEa3Ro9llC/.og/at2.uheWG/igi', 'kMJfeDZX9u', '2019-11-21 02:49:29', '2019-11-21 02:49:29'),
(85, 'qmitchell@example.org', 0, 1, '2019-11-21 02:49:27', '$2y$10$92IXUNpkjO0rOQ5byMi.Ye4oKoEa3Ro9llC/.og/at2.uheWG/igi', '8dNyF0o2a6', '2019-11-21 02:49:29', '2019-11-21 02:49:29'),
(86, 'murazik.hyman@example.org', 0, 1, '2019-11-21 02:49:27', '$2y$10$92IXUNpkjO0rOQ5byMi.Ye4oKoEa3Ro9llC/.og/at2.uheWG/igi', 'doPnFwwMy9', '2019-11-21 02:49:29', '2019-11-21 02:49:29'),
(87, 'blanca57@example.com', 0, 1, '2019-11-21 02:49:27', '$2y$10$92IXUNpkjO0rOQ5byMi.Ye4oKoEa3Ro9llC/.og/at2.uheWG/igi', 'EgdqKUFcxv', '2019-11-21 02:49:29', '2019-11-21 02:49:29'),
(88, 'joseph.labadie@example.org', 0, 1, '2019-11-21 02:49:27', '$2y$10$92IXUNpkjO0rOQ5byMi.Ye4oKoEa3Ro9llC/.og/at2.uheWG/igi', 'W6cqVuofzL', '2019-11-21 02:49:29', '2019-11-21 02:49:29'),
(89, 'imogene.pacocha@example.com', 0, 1, '2019-11-21 02:49:27', '$2y$10$92IXUNpkjO0rOQ5byMi.Ye4oKoEa3Ro9llC/.og/at2.uheWG/igi', 'eEvSQtt8d4', '2019-11-21 02:49:29', '2019-11-21 02:49:29'),
(90, 'vboehm@example.com', 0, 1, '2019-11-21 02:49:27', '$2y$10$92IXUNpkjO0rOQ5byMi.Ye4oKoEa3Ro9llC/.og/at2.uheWG/igi', 'DYYnBdZ9a9', '2019-11-21 02:49:29', '2019-11-21 02:49:29'),
(91, 'tmclaughlin@example.org', 0, 1, '2019-11-21 02:49:27', '$2y$10$92IXUNpkjO0rOQ5byMi.Ye4oKoEa3Ro9llC/.og/at2.uheWG/igi', 'WOyJgxjVQC', '2019-11-21 02:49:29', '2019-11-21 02:49:29'),
(92, 'sandrine84@example.com', 0, 1, '2019-11-21 02:49:27', '$2y$10$92IXUNpkjO0rOQ5byMi.Ye4oKoEa3Ro9llC/.og/at2.uheWG/igi', 'xwNdrlTFn6', '2019-11-21 02:49:29', '2019-11-21 02:49:29'),
(93, 'dina.hermiston@example.org', 0, 1, '2019-11-21 02:49:27', '$2y$10$92IXUNpkjO0rOQ5byMi.Ye4oKoEa3Ro9llC/.og/at2.uheWG/igi', 'Bi9nryRu7s', '2019-11-21 02:49:29', '2019-11-21 02:49:29'),
(94, 'durward92@example.com', 0, 1, '2019-11-21 03:36:55', '$2y$10$92IXUNpkjO0rOQ5byMi.Ye4oKoEa3Ro9llC/.og/at2.uheWG/igi', 'SocMwjyHdH', '2019-11-21 03:36:55', '2019-11-21 03:36:55'),
(95, 'dkirlin@example.org', 0, 1, '2019-11-21 03:36:55', '$2y$10$92IXUNpkjO0rOQ5byMi.Ye4oKoEa3Ro9llC/.og/at2.uheWG/igi', '23b2d3U2Cu', '2019-11-21 03:36:55', '2019-11-21 03:36:55'),
(96, 'vidal.brown@example.net', 0, 1, '2019-11-21 03:36:55', '$2y$10$92IXUNpkjO0rOQ5byMi.Ye4oKoEa3Ro9llC/.og/at2.uheWG/igi', 'GdUOfldGKh', '2019-11-21 03:36:55', '2019-11-21 03:36:55'),
(97, 'gabrielle.ward@example.net', 0, 1, '2019-11-21 03:36:55', '$2y$10$92IXUNpkjO0rOQ5byMi.Ye4oKoEa3Ro9llC/.og/at2.uheWG/igi', '8zArc1YsXI', '2019-11-21 03:36:55', '2019-11-21 03:36:55'),
(98, 'gretchen00@example.org', 0, 1, '2019-11-21 03:36:55', '$2y$10$92IXUNpkjO0rOQ5byMi.Ye4oKoEa3Ro9llC/.og/at2.uheWG/igi', '85xY1JBX0J', '2019-11-21 03:36:55', '2019-11-21 03:36:55'),
(99, 'gkirlin@example.com', 0, 1, '2019-11-21 03:36:55', '$2y$10$92IXUNpkjO0rOQ5byMi.Ye4oKoEa3Ro9llC/.og/at2.uheWG/igi', 'ZhsqBAAbtI', '2019-11-21 03:36:55', '2019-11-21 03:36:55'),
(100, 'raquel65@example.com', 0, 1, '2019-11-21 03:36:55', '$2y$10$92IXUNpkjO0rOQ5byMi.Ye4oKoEa3Ro9llC/.og/at2.uheWG/igi', 'V107HybIv0', '2019-11-21 03:36:56', '2019-11-21 03:36:56'),
(101, 'xrobel@example.com', 0, 1, '2019-11-21 03:36:55', '$2y$10$92IXUNpkjO0rOQ5byMi.Ye4oKoEa3Ro9llC/.og/at2.uheWG/igi', '9CdqwyF67I', '2019-11-21 03:36:56', '2019-11-21 03:36:56'),
(102, 'labshire@example.org', 0, 1, '2019-11-21 03:36:55', '$2y$10$92IXUNpkjO0rOQ5byMi.Ye4oKoEa3Ro9llC/.og/at2.uheWG/igi', '4c4IofdKkx', '2019-11-21 03:36:56', '2019-11-21 03:36:56'),
(103, 'zetta.kassulke@example.net', 0, 1, '2019-11-21 03:36:55', '$2y$10$92IXUNpkjO0rOQ5byMi.Ye4oKoEa3Ro9llC/.og/at2.uheWG/igi', '0BOKNWATHh', '2019-11-21 03:36:56', '2019-11-21 03:36:56'),
(104, 'friesen.chasity@example.org', 0, 1, '2019-11-21 03:36:55', '$2y$10$92IXUNpkjO0rOQ5byMi.Ye4oKoEa3Ro9llC/.og/at2.uheWG/igi', 'muO2W6pKqs', '2019-11-21 03:36:56', '2019-11-21 03:36:56'),
(105, 'phirthe@example.com', 0, 1, '2019-11-21 03:36:55', '$2y$10$92IXUNpkjO0rOQ5byMi.Ye4oKoEa3Ro9llC/.og/at2.uheWG/igi', 'XiTJG7mYFV', '2019-11-21 03:36:56', '2019-11-21 03:36:56'),
(106, 'langworth.agustina@example.com', 0, 1, '2019-11-21 03:36:55', '$2y$10$92IXUNpkjO0rOQ5byMi.Ye4oKoEa3Ro9llC/.og/at2.uheWG/igi', 'CblmbS1ptx', '2019-11-21 03:36:56', '2019-11-21 03:36:56'),
(107, 'abdul.walker@example.org', 0, 1, '2019-11-21 03:36:55', '$2y$10$92IXUNpkjO0rOQ5byMi.Ye4oKoEa3Ro9llC/.og/at2.uheWG/igi', '2HV0QZwXEb', '2019-11-21 03:36:56', '2019-11-21 03:36:56'),
(108, 'mandy58@example.org', 0, 1, '2019-11-21 03:36:55', '$2y$10$92IXUNpkjO0rOQ5byMi.Ye4oKoEa3Ro9llC/.og/at2.uheWG/igi', 'iZp74QGWLu', '2019-11-21 03:36:56', '2019-11-21 03:36:56'),
(109, 'hessel.mckayla@example.com', 0, 1, '2019-11-21 03:36:55', '$2y$10$92IXUNpkjO0rOQ5byMi.Ye4oKoEa3Ro9llC/.og/at2.uheWG/igi', 'Z59PL5DBtn', '2019-11-21 03:36:56', '2019-11-21 03:36:56'),
(110, 'lromaguera@example.com', 0, 1, '2019-11-21 03:36:55', '$2y$10$92IXUNpkjO0rOQ5byMi.Ye4oKoEa3Ro9llC/.og/at2.uheWG/igi', 'nek32ncHwT', '2019-11-21 03:36:56', '2019-11-21 03:36:56'),
(111, 'ernestina.feeney@example.net', 0, 1, '2019-11-21 03:36:55', '$2y$10$92IXUNpkjO0rOQ5byMi.Ye4oKoEa3Ro9llC/.og/at2.uheWG/igi', 'AnxQfafPfi', '2019-11-21 03:36:56', '2019-11-21 03:36:56'),
(112, 'victoria48@example.com', 0, 1, '2019-11-21 03:36:55', '$2y$10$92IXUNpkjO0rOQ5byMi.Ye4oKoEa3Ro9llC/.og/at2.uheWG/igi', '5EUyKsfUPd', '2019-11-21 03:36:56', '2019-11-21 03:36:56'),
(113, 'sanford.katheryn@example.org', 0, 1, '2019-11-21 03:36:55', '$2y$10$92IXUNpkjO0rOQ5byMi.Ye4oKoEa3Ro9llC/.og/at2.uheWG/igi', '4ub9vTWV6z', '2019-11-21 03:36:56', '2019-11-21 03:36:56'),
(114, 'ehill@example.net', 0, 1, '2019-11-21 03:36:55', '$2y$10$92IXUNpkjO0rOQ5byMi.Ye4oKoEa3Ro9llC/.og/at2.uheWG/igi', 'mt0BoVkohi', '2019-11-21 03:36:57', '2019-11-21 03:36:57'),
(115, 'acummerata@example.net', 0, 1, '2019-11-21 03:36:55', '$2y$10$92IXUNpkjO0rOQ5byMi.Ye4oKoEa3Ro9llC/.og/at2.uheWG/igi', 'AEWFQbeLf1', '2019-11-21 03:36:57', '2019-11-21 03:36:57'),
(116, 'melyna.beer@example.com', 0, 1, '2019-11-21 03:36:55', '$2y$10$92IXUNpkjO0rOQ5byMi.Ye4oKoEa3Ro9llC/.og/at2.uheWG/igi', 'hnqtegYBlK', '2019-11-21 03:36:57', '2019-11-21 03:36:57'),
(117, 'uvon@example.net', 0, 1, '2019-11-21 03:36:55', '$2y$10$92IXUNpkjO0rOQ5byMi.Ye4oKoEa3Ro9llC/.og/at2.uheWG/igi', '00iYx1qnlm', '2019-11-21 03:36:57', '2019-11-21 03:36:57'),
(118, 'vohara@example.com', 0, 1, '2019-11-21 03:36:55', '$2y$10$92IXUNpkjO0rOQ5byMi.Ye4oKoEa3Ro9llC/.og/at2.uheWG/igi', 'CJy8vEuafu', '2019-11-21 03:36:57', '2019-11-21 03:36:57'),
(119, 'creilly@example.org', 0, 1, '2019-11-21 03:36:55', '$2y$10$92IXUNpkjO0rOQ5byMi.Ye4oKoEa3Ro9llC/.og/at2.uheWG/igi', 'W0R1GoTpHD', '2019-11-21 03:36:57', '2019-11-21 03:36:57'),
(120, 'shane.skiles@example.com', 0, 1, '2019-11-21 03:36:55', '$2y$10$92IXUNpkjO0rOQ5byMi.Ye4oKoEa3Ro9llC/.og/at2.uheWG/igi', 'Ub56t5uD2D', '2019-11-21 03:36:57', '2019-11-21 03:36:57'),
(121, 'dasia.murazik@example.org', 0, 1, '2019-11-21 03:36:55', '$2y$10$92IXUNpkjO0rOQ5byMi.Ye4oKoEa3Ro9llC/.og/at2.uheWG/igi', 'fpOwOGSb92', '2019-11-21 03:36:57', '2019-11-21 03:36:57'),
(122, 'tpouros@example.org', 0, 1, '2019-11-21 03:36:55', '$2y$10$92IXUNpkjO0rOQ5byMi.Ye4oKoEa3Ro9llC/.og/at2.uheWG/igi', 'Ur2n9uIBFT', '2019-11-21 03:36:57', '2019-11-21 03:36:57'),
(123, 'beryl97@example.com', 0, 1, '2019-11-21 03:36:55', '$2y$10$92IXUNpkjO0rOQ5byMi.Ye4oKoEa3Ro9llC/.og/at2.uheWG/igi', 'ZY9Ml79LnF', '2019-11-21 03:36:57', '2019-11-21 03:36:57');

-- --------------------------------------------------------

--
-- Cấu trúc bảng cho bảng `wards`
--

CREATE TABLE `wards` (
  `id` bigint(20) UNSIGNED NOT NULL,
  `district_id` bigint(20) NOT NULL,
  `name` varchar(255) COLLATE utf8mb4_unicode_ci NOT NULL,
  `created_at` timestamp NULL DEFAULT NULL,
  `updated_at` timestamp NULL DEFAULT NULL
) ENGINE=InnoDB DEFAULT CHARSET=utf8mb4 COLLATE=utf8mb4_unicode_ci;

--
-- Đang đổ dữ liệu cho bảng `wards`
--

INSERT INTO `wards` (`id`, `district_id`, `name`, `created_at`, `updated_at`) VALUES
(1, 1, '7', '2019-11-21 03:37:01', '2019-11-21 03:37:01'),
(2, 2, '2', '2019-11-21 03:37:02', '2019-11-21 03:37:02'),
(3, 3, '0', '2019-11-21 03:37:02', '2019-11-21 03:37:02'),
(4, 4, '1', '2019-11-21 03:37:02', '2019-11-21 03:37:02'),
(5, 5, '1', '2019-11-21 03:37:02', '2019-11-21 03:37:02'),
(6, 6, '9', '2019-11-21 03:37:02', '2019-11-21 03:37:02'),
(7, 7, '8', '2019-11-21 03:37:02', '2019-11-21 03:37:02'),
(8, 8, '4', '2019-11-21 03:37:02', '2019-11-21 03:37:02'),
(9, 9, '0', '2019-11-21 03:37:02', '2019-11-21 03:37:02'),
(10, 10, '0', '2019-11-21 03:37:02', '2019-11-21 03:37:02'),
(11, 11, '5', '2019-11-21 03:37:02', '2019-11-21 03:37:02'),
(12, 12, '3', '2019-11-21 03:37:02', '2019-11-21 03:37:02'),
(13, 13, '9', '2019-11-21 03:37:02', '2019-11-21 03:37:02'),
(14, 14, '3', '2019-11-21 03:37:02', '2019-11-21 03:37:02'),
(15, 15, '0', '2019-11-21 03:37:02', '2019-11-21 03:37:02'),
(16, 16, '0', '2019-11-21 03:37:02', '2019-11-21 03:37:02'),
(17, 17, '1', '2019-11-21 03:37:03', '2019-11-21 03:37:03'),
(18, 18, '5', '2019-11-21 03:37:03', '2019-11-21 03:37:03'),
(19, 19, '0', '2019-11-21 03:37:03', '2019-11-21 03:37:03'),
(20, 20, '3', '2019-11-21 03:37:03', '2019-11-21 03:37:03'),
(21, 21, '1', '2019-11-21 03:37:03', '2019-11-21 03:37:03'),
(22, 22, '2', '2019-11-21 03:37:03', '2019-11-21 03:37:03'),
(23, 23, '4', '2019-11-21 03:37:03', '2019-11-21 03:37:03'),
(24, 24, '5', '2019-11-21 03:37:03', '2019-11-21 03:37:03');

--
-- Chỉ mục cho các bảng đã đổ
--

--
-- Chỉ mục cho bảng `admins`
--
ALTER TABLE `admins`
  ADD PRIMARY KEY (`id`);

--
-- Chỉ mục cho bảng `categories`
--
ALTER TABLE `categories`
  ADD PRIMARY KEY (`id`);

--
-- Chỉ mục cho bảng `districts`
--
ALTER TABLE `districts`
  ADD PRIMARY KEY (`id`);

--
-- Chỉ mục cho bảng `failed_jobs`
--
ALTER TABLE `failed_jobs`
  ADD PRIMARY KEY (`id`);

--
-- Chỉ mục cho bảng `guests`
--
ALTER TABLE `guests`
  ADD PRIMARY KEY (`id`);

--
-- Chỉ mục cho bảng `migrations`
--
ALTER TABLE `migrations`
  ADD PRIMARY KEY (`id`);

--
-- Chỉ mục cho bảng `owners`
--
ALTER TABLE `owners`
  ADD PRIMARY KEY (`id`);

--
-- Chỉ mục cho bảng `password_resets`
--
ALTER TABLE `password_resets`
  ADD KEY `password_resets_email_index` (`email`);

--
-- Chỉ mục cho bảng `photos`
--
ALTER TABLE `photos`
  ADD PRIMARY KEY (`id`),
  ADD UNIQUE KEY `photos_path_unique` (`path`);

--
-- Chỉ mục cho bảng `posts`
--
ALTER TABLE `posts`
  ADD PRIMARY KEY (`id`);

--
-- Chỉ mục cho bảng `rooms`
--
ALTER TABLE `rooms`
  ADD PRIMARY KEY (`id`);

--
-- Chỉ mục cho bảng `users`
--
ALTER TABLE `users`
  ADD PRIMARY KEY (`id`),
  ADD UNIQUE KEY `users_email_unique` (`email`);

--
-- Chỉ mục cho bảng `wards`
--
ALTER TABLE `wards`
  ADD PRIMARY KEY (`id`);

--
-- AUTO_INCREMENT cho các bảng đã đổ
--

--
-- AUTO_INCREMENT cho bảng `admins`
--
ALTER TABLE `admins`
  MODIFY `id` bigint(20) UNSIGNED NOT NULL AUTO_INCREMENT, AUTO_INCREMENT=4;

--
-- AUTO_INCREMENT cho bảng `categories`
--
ALTER TABLE `categories`
  MODIFY `id` bigint(20) UNSIGNED NOT NULL AUTO_INCREMENT, AUTO_INCREMENT=5;

--
-- AUTO_INCREMENT cho bảng `districts`
--
ALTER TABLE `districts`
  MODIFY `id` bigint(20) UNSIGNED NOT NULL AUTO_INCREMENT, AUTO_INCREMENT=25;

--
-- AUTO_INCREMENT cho bảng `failed_jobs`
--
ALTER TABLE `failed_jobs`
  MODIFY `id` bigint(20) UNSIGNED NOT NULL AUTO_INCREMENT;

--
-- AUTO_INCREMENT cho bảng `guests`
--
ALTER TABLE `guests`
  MODIFY `id` bigint(20) UNSIGNED NOT NULL AUTO_INCREMENT, AUTO_INCREMENT=61;

--
-- AUTO_INCREMENT cho bảng `migrations`
--
ALTER TABLE `migrations`
  MODIFY `id` int(10) UNSIGNED NOT NULL AUTO_INCREMENT, AUTO_INCREMENT=18;

--
-- AUTO_INCREMENT cho bảng `owners`
--
ALTER TABLE `owners`
  MODIFY `id` bigint(20) UNSIGNED NOT NULL AUTO_INCREMENT, AUTO_INCREMENT=61;

--
-- AUTO_INCREMENT cho bảng `photos`
--
ALTER TABLE `photos`
  MODIFY `id` bigint(20) UNSIGNED NOT NULL AUTO_INCREMENT, AUTO_INCREMENT=301;

--
-- AUTO_INCREMENT cho bảng `posts`
--
ALTER TABLE `posts`
  MODIFY `id` bigint(20) UNSIGNED NOT NULL AUTO_INCREMENT;

--
-- AUTO_INCREMENT cho bảng `rooms`
--
ALTER TABLE `rooms`
  MODIFY `id` bigint(20) UNSIGNED NOT NULL AUTO_INCREMENT, AUTO_INCREMENT=101;

--
-- AUTO_INCREMENT cho bảng `users`
--
ALTER TABLE `users`
  MODIFY `id` bigint(20) UNSIGNED NOT NULL AUTO_INCREMENT, AUTO_INCREMENT=124;

--
-- AUTO_INCREMENT cho bảng `wards`
--
ALTER TABLE `wards`
  MODIFY `id` bigint(20) UNSIGNED NOT NULL AUTO_INCREMENT, AUTO_INCREMENT=25;
COMMIT;

/*!40101 SET CHARACTER_SET_CLIENT=@OLD_CHARACTER_SET_CLIENT */;
/*!40101 SET CHARACTER_SET_RESULTS=@OLD_CHARACTER_SET_RESULTS */;
/*!40101 SET COLLATION_CONNECTION=@OLD_COLLATION_CONNECTION */;
